AMD Ryzen Threadripper 3970X;47956
AMD EPYC 7742;47365
AMD Ryzen Threadripper 3960X;47117
AMD EPYC 7702P;46067
AMD EPYC 7452;38257
AMD Ryzen 9 3950X;36094
Intel Xeon W-3175X @ 3.10GHz;33538
AMD Ryzen 9 PRO 3900;32899
AMD Ryzen 9 3900X;31911
Intel Xeon W-3265 @ 2.70GHz;31691
Intel Xeon Platinum 8268 @ 2.90GHz;31689
AMD Ryzen 9 3900;30679
AMD EPYC 7302P;30626
Intel Xeon Gold 6254 @ 3.10GHz;30018
Intel Core i9-9980XE @ 3.00GHz;29576
Intel Xeon Platinum 8168 @ 2.70GHz;29131
Intel Xeon Platinum 8173M @ 2.00GHz;28860
Intel Xeon Gold 6210U @ 2.50GHz;28560
Intel Core i9-9960X @ 3.10GHz;28470
AMD EPYC 7402P;28291
Intel Xeon Platinum 8175M @ 2.50GHz;28103
Intel Xeon Gold 6212U @ 2.40GHz;28060
Intel Xeon Gold 6154 @ 3.00GHz;27722
Intel Core i9-7980XE @ 2.60GHz;27671
AMD EPYC 7502P;27437
Intel Core i9-9940X @ 3.30GHz;26953
Intel Xeon Platinum 8124M @ 3.00GHz;26835
AMD Ryzen 7 PRO 3700;26231
Intel Core i9-7960X @ 2.80GHz;26030
Intel Xeon Gold 6148 @ 2.40GHz;25817
Intel Xeon Gold 6138 @ 2.00GHz;25774
Intel Xeon W-3235 @ 3.30GHz;25759
Intel Xeon Gold 6246 @ 3.30GHz;25734
Intel Core i9-7940X @ 3.10GHz;25412
Intel Xeon Gold 6242 @ 2.80GHz;25313
AMD Ryzen Threadripper 2950X;25284
Intel Xeon E5-2679 v4 @ 2.50GHz;25266
Intel Core i9-9920X @ 3.50GHz;25154
Intel Xeon Gold 6146 @ 3.20GHz;25142
Intel Xeon Gold 6230 @ 2.10GHz;24600
AMD Ryzen 7 3800X;24568
Intel Xeon W-2170B @ 2.50GHz;24561
Intel Xeon W-2195 @ 2.30GHz;24481
Intel Xeon W-2175 @ 2.50GHz;24454
Intel Xeon Platinum 8176 @ 2.10GHz;24434
Intel Xeon Gold 6140 @ 2.30GHz;23964
Intel Xeon Gold 6132 @ 2.60GHz;23907
AMD Ryzen 7 3700X;23858
Intel Xeon Gold 6152 @ 2.10GHz;23498
Intel Xeon E5-2699 v4 @ 2.20GHz;23435
Intel Core i9-7920X @ 2.90GHz;23288
AMD Ryzen Threadripper 2990WX;23227
Intel Core i9-9900X @ 3.50GHz;22984
Intel Xeon Gold 5218 @ 2.30GHz;22576
Intel Xeon E5-2697A v4 @ 2.60GHz;22462
Intel Xeon E5-2699 v3 @ 2.30GHz;22340
Intel Xeon E5-2696 v3 @ 2.30GHz;22172
AMD EPYC 7371;22071
AMD Ryzen Threadripper 2920X;22054
AMD Ryzen Threadripper 2970WX;22043
AMD Ryzen Threadripper 1950X;21967
Intel Xeon W-2155 @ 3.30GHz;21917
Intel Core i9-7900X @ 3.30GHz;21870
Intel Xeon E5-2698 v4 @ 2.20GHz;21836
AMD Ryzen 5 PRO 3600;21586
Intel Core i9-9900KS @ 4.00GHz;21549
Intel Xeon E5-2673 v4 @ 2.30GHz;21458
Intel Xeon W-2150B @ 3.00GHz;21451
Intel Xeon E5-2697 v4 @ 2.30GHz;21435
Intel Xeon E5-2697 v3 @ 2.60GHz;21425
Intel Xeon E5-2696 v4 @ 2.20GHz;21226
Intel Xeon E5-2690 v4 @ 2.60GHz;21167
Intel Xeon E5-2698 v3 @ 2.30GHz;21042
Intel Xeon Gold 6136 @ 3.00GHz;21034
Intel Core i9-9820X @ 3.30GHz;20965
AMD EPYC 7571;20858
Intel Core i7-7900X @ 3.30GHz;20474
AMD Ryzen 5 3600X;20465
Intel Xeon Gold 6137 @ 3.90GHz;20443
Intel Xeon E5-2682 v4 @ 2.50GHz;20420
Intel Core i9-9900KF @ 3.60GHz;20379
Intel Xeon E5-2695 v4 @ 2.10GHz;20258
AMD EPYC 7401P;20221
Intel Core i9-9900K @ 3.60GHz;20200
AMD Ryzen Threadripper 1920X;20063
Intel Core i7-6950X @ 3.00GHz;19923
AMD Ryzen 5 3600;19870
Intel Xeon E5-2680 v4 @ 2.40GHz;19864
Intel Xeon E5-2687W v4 @ 3.00GHz;19863
Intel Core i7-9800X @ 3.80GHz;19803
Intel Xeon E5-2686 v4 @ 2.30GHz;19801
Intel Xeon W-2145 @ 3.70GHz;19770
Intel Xeon E5-2689 v4 @ 3.10GHz;19744
Intel Xeon Gold 6126 @ 2.60GHz;19711
Intel Xeon E5-2695 v3 @ 2.30GHz;19710
Intel Xeon Gold 6144 @ 3.50GHz;19667
Intel Xeon E-2288G @ 3.70GHz;19658
Intel Xeon Gold 6130 @ 2.10GHz;19643
Intel Xeon E5-4669 v3 @ 2.10GHz;19615
Intel Xeon Silver 4216 @ 2.10GHz;19538
Intel Xeon D-2183IT @ 2.20GHz;19381
Intel Xeon E5-2686 v3 @ 2.00GHz;19255
AMD Ryzen Threadripper 2990X;19227
Intel Xeon E5-2683 v4 @ 2.10GHz;19047
Intel Xeon E5-2690 v3 @ 2.60GHz;19022
AMD EPYC 7501;18942
Intel Core i9-9900 @ 3.10GHz;18738
Intel Xeon W-2140B @ 3.20GHz;18620
Intel Core i7-7820X @ 3.60GHz;18517
AMD EPYC 7551;18483
AMD EPYC 7551P;18443
Intel Xeon E5-2680 v3 @ 2.50GHz;18426
Intel Xeon E-2286M @ 2.40GHz;18338
Intel Xeon Gold 5120 @ 2.20GHz;18253
Intel Xeon E5-1681 v3 @ 2.90GHz;18238
Intel Xeon Gold 6134 @ 3.20GHz;18206
Intel Xeon Gold 5120T @ 2.20GHz;18145
AMD EPYC 7351;18081
Intel Xeon E5-2687W v3 @ 3.10GHz;17795
Intel Xeon E-2278G @ 3.40GHz;17670
Intel Xeon Silver 4214 @ 2.20GHz;17630
Intel Core i9-9980HK @ 2.40GHz;17612
Intel Core i7-6900K @ 3.20GHz;17611
Intel Xeon E5-2676 v3 @ 2.40GHz;17608
Intel Xeon E5-2683 v3 @ 2.00GHz;17325
Intel Xeon E5-2658 v4 @ 2.30GHz;17275
Intel Core i7-9700K @ 3.60GHz;17220
Intel Xeon E5-2697 v2 @ 2.70GHz;17170
AMD Ryzen 7 PRO 2700X;17161
Intel Xeon E5-1680 v4 @ 3.40GHz;17063
Intel Core i7-9700KF @ 3.60GHz;17020
Intel Xeon E5-2678 v3 @ 2.50GHz;16993
AMD Ryzen 7 2700X;16949
Intel Xeon E5-2696 v2 @ 2.50GHz;16920
Intel Xeon E5-2660 v4 @ 2.00GHz;16880
Intel Xeon E5-2670 v3 @ 2.30GHz;16765
Intel Core i7-8086K @ 4.00GHz;16681
Intel Core i9-9880H @ 2.30GHz;16680
Intel Xeon Gold 5117 @ 2.00GHz;16672
Intel Xeon E-2286G @ 4.00GHz;16671
Intel Xeon E5-2667 v4 @ 3.20GHz;16631
Intel Xeon Gold 5118 @ 2.30GHz;16435
Intel Xeon E5-2660 v3 @ 2.60GHz;16429
Intel Xeon E5-2673 v3 @ 2.40GHz;16416
Intel Core i7-9700F @ 3.00GHz;16394
Intel Xeon E5-2690 v2 @ 3.00GHz;16391
Intel Xeon E5-2687W v2 @ 3.40GHz;16343
Intel Xeon E5-2673 v2 @ 3.30GHz;16320
Intel Xeon E5-1680 v3 @ 3.20GHz;16317
Intel Xeon W-2135 @ 3.70GHz;16299
Intel Xeon E5-2658 v3 @ 2.20GHz;16298
Intel Xeon E5-1680 v2 @ 3.00GHz;16250
Intel Xeon E5-1660 v4 @ 3.20GHz;16203
Intel Xeon E5-2667 v2 @ 3.30GHz;16165
AMD Ryzen Threadripper 1900X;16108
AMD Ryzen 5 3500X;16070
Intel Xeon E5-2695 v2 @ 2.40GHz;16041
Intel Xeon E-2246G @ 3.60GHz;16023
Intel Xeon E5-2692 v2 @ 2.20GHz;16018
Intel Xeon E5-2667 v3 @ 3.20GHz;16011
Intel Core i7-5960X @ 3.00GHz;15986
Intel Core i7-8700K @ 3.70GHz;15935
Intel Xeon Silver 4210 @ 2.20GHz;15898
Intel Xeon E5-4657L v2 @ 2.40GHz;15896
Intel Xeon E5-2680 v2 @ 2.80GHz;15888
Intel Core i7-9700 @ 3.00GHz;15855
Intel Xeon E5-4660 v3 @ 2.10GHz;15849
Intel Xeon E-2186G @ 3.80GHz;15838
Intel Xeon E-2136 @ 3.30GHz;15793
Intel Xeon E-2236 @ 3.40GHz;15781
AMD EPYC 7451;15767
Intel Xeon E-2146G @ 3.50GHz;15620
Intel Xeon E-2176G @ 3.70GHz;15592
AMD Ryzen 7 1800X;15541
Intel Xeon E5-4627 v4 @ 2.60GHz;15516
Intel Xeon Silver 4116 @ 2.10GHz;15509
Intel Xeon E5-2650 v4 @ 2.20GHz;15483
Intel Xeon E5-2640 v4 @ 2.40GHz;15420
AMD Ryzen 7 PRO 2700;15399
AMD Ryzen 7 PRO 1700X;15324
Intel Xeon Silver 4215 @ 2.50GHz;15200
Intel Xeon Silver 4123 @ 3.00GHz;15185
Intel Xeon E5-2675 v3 @ 1.80GHz;15137
Intel Core i7-8700 @ 3.20GHz;15134
Intel Core i9-9900T @ 2.10GHz;15090
AMD Ryzen 7 2700;15070
Intel Xeon E5-2670 v2 @ 2.50GHz;15021
Intel Xeon E5-2685 v3 @ 2.60GHz;15004
AMD EPYC 7301;14978
Intel Xeon Gold 6128 @ 3.40GHz;14941
AMD EPYC 7351P;14887
Intel Xeon E5-2650 v3 @ 2.30GHz;14883
Intel Core i7-8700B @ 3.20GHz;14862
AMD Ryzen 7 1700X;14814
Intel Xeon E5-2649 v3 @ 2.30GHz;14677
Intel Xeon E5-1660 v3 @ 3.00GHz;14656
Intel Core i7-7800X @ 3.50GHz;14643
Intel Xeon E5-2618L v4 @ 2.20GHz;14572
Intel Xeon E-2186M @ 2.90GHz;14526
Intel Xeon E5-4627 v3 @ 2.60GHz;14489
Intel Xeon D-1567 @ 2.10GHz;14482
Intel Xeon E-2276M @ 2.80GHz;14449
Intel Xeon W-2133 @ 3.60GHz;14374
Intel Core i7-6850K @ 3.60GHz;14371
AMD Ryzen 5 2600X;14362
Intel Xeon E5-2687W @ 3.10GHz;14340
Intel Xeon Silver 4114 @ 2.20GHz;14317
AMD Ryzen 5 PRO 2600;14221
Intel Core i9-8950HK @ 2.90GHz;14212
AMD Ryzen 5 3500;14210
Intel Xeon E5-1650 v4 @ 3.60GHz;14210
Intel Xeon E-2276G @ 3.80GHz;14143
AMD Ryzen 7 PRO 1700;14112
Intel Xeon E5-2650L v4 @ 1.70GHz;14093
Intel Xeon D-1587 @ 1.70GHz;14049
Intel Xeon E5-2663 v3 @ 2.80GHz;13994
Intel Core i7-9850H @ 2.60GHz;13950
AMD Ryzen 7 1700;13932
Intel Core i5-9600 @ 3.10GHz;13931
Intel Xeon E5-1660 v2 @ 3.70GHz;13919
Intel Xeon E-2278GEL @ 2.00GHz;13914
Intel Xeon E5-2630 v4 @ 2.20GHz;13897
Intel Xeon E5-2643 v3 @ 3.40GHz;13887
Intel Xeon E5-2658 v2 @ 2.40GHz;13874
Intel Xeon E5-2640 v3 @ 2.60GHz;13864
Intel Xeon D-2143IT @ 2.20GHz;13816
Intel Core i7-4960X @ 3.60GHz;13803
Intel Xeon E5-2690 @ 2.90GHz;13738
Intel Core i7-5930K @ 3.50GHz;13664
Intel Xeon E5-2648L v4 @ 1.80GHz;13654
Intel Xeon E5-1650 v3 @ 3.50GHz;13627
Intel Xeon E5-4669 v4 @ 2.20GHz;13626
Intel Core i5-9600KF @ 3.70GHz;13607
Intel Xeon E-2126G @ 3.30GHz;13583
Intel Core i7-9750H @ 2.60GHz;13574
Intel Core i7-6800K @ 3.40GHz;13564
Intel Xeon E-2176M @ 2.70GHz;13557
AMD Ryzen 5 2600;13514
Intel Xeon E5-2650L v3 @ 1.80GHz;13513
Intel Core i5-9600K @ 3.70GHz;13487
Intel Xeon E5-2643 v4 @ 3.40GHz;13475
Intel Core i7-9700T @ 2.00GHz;13426
AMD Ryzen 7 2700E;13410
Intel Xeon E5-2689 @ 2.60GHz;13274
Intel Xeon E5-2650 v2 @ 2.60GHz;13204
AMD Ryzen 5 1600X;13202
Intel Xeon E5-2660 v2 @ 2.20GHz;13161
Intel Xeon E5-2643 v2 @ 3.50GHz;13121
Intel Xeon Silver 4208 @ 2.10GHz;13116
Intel Core i7-10710U @ 1.10GHz;13115
Intel Xeon E5-2628L v4 @ 1.90GHz;13101
Intel Core i5-9500F @ 3.00GHz;13055
Intel Core i7-4930K @ 3.40GHz;13023
Intel Core i7-5820K @ 3.30GHz;13011
Intel Core i7-8850H @ 2.60GHz;12944
Intel Xeon E5-2680 @ 2.70GHz;12888
Intel Xeon E-2226G @ 3.40GHz;12887
Intel Xeon E5-2630L v4 @ 1.80GHz;12847
Intel Xeon D-2141I @ 2.20GHz;12836
Intel Xeon E5-2630 v3 @ 2.40GHz;12797
Intel Xeon E-2244G @ 3.80GHz;12782
Intel Core i5-8500B @ 3.00GHz;12756
Intel Xeon E5-1650 v2 @ 3.50GHz;12752
Intel Xeon E5-4640 v3 @ 1.90GHz;12703
Intel Core i7-3970X @ 3.50GHz;12695
Intel Core i7-9700TE @ 1.80GHz;12688
Intel Core i5-8600K @ 3.60GHz;12679
Intel Core i7-8700T @ 2.40GHz;12621
Intel Xeon E-2274G @ 4.00GHz;12595
Intel Core i7-3960X @ 3.30GHz;12571
Intel Xeon E5-4627 v2 @ 3.30GHz;12511
Intel Core i5-8600 @ 3.10GHz;12481
Intel Core i7-8750H @ 2.20GHz;12399
Intel Core i5-9500 @ 3.00GHz;12382
Intel Xeon E5-2670 @ 2.60GHz;12374
Intel Xeon W-2125 @ 4.00GHz;12321
Intel Xeon E5-2628L v3 @ 2.00GHz;12295
Intel Xeon E5-4655 v3 @ 2.90GHz;12292
AMD Ryzen 5 1600;12288
Intel Xeon E-2174G @ 3.80GHz;12278
Intel Xeon E5-1660 @ 3.30GHz;12242
Intel Core i7-8559U @ 2.70GHz;12228
AMD Ryzen 5 PRO 1600;12213
Intel Core i7-7740X @ 4.30GHz;12203
Intel Xeon E5-2618L v3 @ 2.30GHz;12186
Intel Xeon E5-4650L @ 2.60GHz;12145
Intel Core i5-9400F @ 2.90GHz;12105
Intel Core i7-7700K @ 4.20GHz;11992
Intel Xeon E3-1285 v6 @ 4.10GHz;11992
Intel Core i7-3930K @ 3.20GHz;11973
Intel Core i5-9400 @ 2.90GHz;11949
Intel Core i5-8500 @ 3.00GHz;11814
AMD EPYC 7251;11811
Intel Xeon E5-2665 @ 2.40GHz;11744
Intel Xeon E5-1650 @ 3.20GHz;11736
Intel Core i5-9600T @ 2.30GHz;11706
AMD EPYC 3251;11690
Intel Xeon E5-4650 @ 2.70GHz;11685
Intel Xeon Silver 4110 @ 2.10GHz;11657
Intel Core i5-8400 @ 2.80GHz;11569
Intel Xeon E-2144G @ 3.60GHz;11532
Intel Xeon E5-2648L v3 @ 1.80GHz;11392
Intel Xeon E5-2648L v2 @ 1.90GHz;11381
Intel Core i5-9400H @ 2.50GHz;11379
Intel Core i7-9850HL @ 1.90GHz;11340
Intel Xeon @ 2.00GHz;11327
Intel Xeon E5-2620 v4 @ 2.10GHz;11324
Intel Xeon E5-2651 v2 @ 1.80GHz;11302
Intel Xeon E5-2470 v2 @ 2.40GHz;11268
Intel Xeon E5-2660 @ 2.20GHz;11259
Intel Xeon E3-1270 v6 @ 3.80GHz;11171
Intel Core i7-4790K @ 4.00GHz;11165
Intel Core i7-6700K @ 4.00GHz;11109
Intel Xeon E5-4648 v3 @ 1.70GHz;11097
Intel Xeon D-1541 @ 2.10GHz;11083
Intel Xeon E3-1280 v6 @ 3.90GHz;11041
Intel Xeon E3-1275 v6 @ 3.80GHz;11028
Intel Xeon E5-2629 v3 @ 2.40GHz;11022
Intel Core i5-8259U @ 2.30GHz;10999
Intel Core i7-8809G @ 3.10GHz;10991
Intel Xeon E5-2470 @ 2.30GHz;10986
Intel Core i5-8600T @ 2.30GHz;10981
Intel Xeon D-2146NT @ 2.30GHz;10968
Intel Xeon E3-1285L v4 @ 3.40GHz;10961
Intel Xeon D-1557 @ 1.50GHz;10950
Intel Xeon Silver 4109T @ 2.00GHz;10946
AMD Opteron 6386 SE;10912
Intel Xeon Gold 5122 @ 3.60GHz;10896
Intel Xeon E-2134 @ 3.50GHz;10882
Intel Core i7-5775R @ 3.30GHz;10879
Intel Core i7-5775C @ 3.30GHz;10851
Intel Core i7-5950HQ @ 2.90GHz;10850
AMD Ryzen 5 PRO 3400G;10833
Intel Xeon E5-4640 @ 2.40GHz;10807
Intel Xeon E3-1585 v5 @ 3.50GHz;10797
Intel Core i5-8257U @ 1.40GHz;10742
Intel Xeon D-1540 @ 2.00GHz;10740
Intel Xeon Silver 4108 @ 1.80GHz;10704
Intel Xeon E3-1270L v4 @ 3.00GHz;10691
Intel Core i7-7700 @ 3.60GHz;10685
Intel Xeon D-1548 @ 2.00GHz;10679
Intel Xeon E5-2667 @ 2.90GHz;10670
Intel Xeon W-2123 @ 3.60GHz;10663
Intel Core i7-1065G7 @ 1.30GHz;10634
Intel Core i5-9500T @ 2.20GHz;10630
Intel Core i5-8279U @ 2.40GHz;10623
Intel Xeon E3-1280 v5 @ 3.70GHz;10620
Intel Xeon E3-1575M v5 @ 3.00GHz;10616
AMD Ryzen 5 PRO 3400GE;10566
Intel Core i7-8706G @ 3.10GHz;10539
Intel Xeon E3-1535M v6 @ 3.10GHz;10538
Intel Xeon E3-1245 v6 @ 3.70GHz;10533
Intel Core i3-9350KF @ 4.00GHz;10526
Intel Xeon E5-2637 v4 @ 3.50GHz;10512
Intel Xeon E3-1285 v4 @ 3.50GHz;10510
Intel Xeon E3-1285 v3 @ 3.60GHz;10509
Intel Xeon E3-1240 v6 @ 3.70GHz;10487
Intel Xeon E5-2450 @ 2.10GHz;10387
Intel Xeon E5-2630 v2 @ 2.60GHz;10378
Intel Core i5-8400H @ 2.50GHz;10377
Intel Xeon E3-1275 v5 @ 3.60GHz;10353
Intel Xeon E3-1240 v5 @ 3.50GHz;10317
Intel Xeon E5-1630 v4 @ 3.70GHz;10310
Intel Core i7-4980HQ @ 2.80GHz;10301
Intel Xeon E3-1545M v5 @ 2.90GHz;10283
Intel Xeon E3-1270 v5 @ 3.60GHz;10279
Intel Xeon E5-2650 @ 2.00GHz;10265
Intel Xeon E5-1630 v3 @ 3.70GHz;10228
Intel Xeon E3-1260L v5 @ 2.90GHz;10218
Intel Xeon E5-2640 v2 @ 2.00GHz;10213
Intel Xeon E3-1276 v3 @ 3.60GHz;10209
AMD FX-9590 Eight-Core;10193
Intel Xeon E3-1245 v5 @ 3.50GHz;10169
Intel Core i3-9320 @ 3.70GHz;10144
Intel Xeon E3-1585L v5 @ 3.00GHz;10135
AMD Ryzen 5 PRO 1500;10133
Intel Xeon E3-1271 v3 @ 3.60GHz;10117
Intel Xeon E5-2637 v3 @ 3.50GHz;10117
AMD Ryzen 5 1500X;10112
Intel Xeon E-2224 @ 3.40GHz;10096
AMD Opteron 6380;10081
Intel Core i7-4770K @ 3.50GHz;10075
Intel Xeon E3-1275 v3 @ 3.50GHz;10048
Intel Xeon E3-1281 v3 @ 3.70GHz;10031
Intel Xeon E3-1241 v3 @ 3.50GHz;10022
Intel Core i3-9300 @ 3.70GHz;10018
Intel Xeon E3-1515M v5 @ 2.80GHz;10016
Intel Core i7-6700 @ 3.40GHz;10003
Intel Core i5-1035G7 @ 1.20GHz;9998
Intel Core i7-7920HQ @ 3.10GHz;9991
Intel Core i7-4790 @ 3.60GHz;9989
AMD Ryzen 5 3400G;9984
AMD Ryzen 5 PRO 2400G;9984
Intel Xeon E3-1285L v3 @ 3.10GHz;9981
Intel Xeon E5-2620 v3 @ 2.40GHz;9980
Intel Core i5-8500T @ 2.10GHz;9971
Intel Core i5-9400T @ 1.80GHz;9968
Intel Core i7-7820HK @ 2.90GHz;9958
Intel Xeon E3-1270 v3 @ 3.50GHz;9922
Intel Xeon E5-1620 v4 @ 3.50GHz;9903
Intel Xeon E3-1286 v3 @ 3.70GHz;9899
Intel Xeon E-2124G @ 3.40GHz;9891
Intel Xeon E5-2650L v2 @ 1.70GHz;9880
Intel Core i7-8705G @ 3.10GHz;9878
Intel Xeon E-2224G @ 3.50GHz;9868
Intel Xeon E3-1246 v3 @ 3.50GHz;9864
Intel Core i5-9300H @ 2.40GHz;9861
Intel Core i7-4771 @ 3.50GHz;9860
Intel Core i7-4960HQ @ 2.60GHz;9856
Intel Core i7-4770R @ 3.20GHz;9830
Intel Core i7-5850EQ @ 2.70GHz;9817
Intel Core i7-995X @ 3.60GHz;9791
AMD Opteron 6287 SE;9789
Intel Xeon E3-1230 v6 @ 3.50GHz;9784
Intel Core i7-4770 @ 3.40GHz;9781
Intel Core i7-8709G @ 3.10GHz;9780
Intel Core i7-4940MX @ 3.10GHz;9776
Intel Xeon E3-1280 v3 @ 3.60GHz;9769
Intel Xeon E3-1230 v5 @ 3.40GHz;9754
Intel Xeon E5-1620 v3 @ 3.50GHz;9745
Intel Xeon E5-2630L v3 @ 1.80GHz;9727
Intel Core i7-4820K @ 3.70GHz;9720
Intel Core i7-6770HQ @ 2.60GHz;9717
AMD Ryzen 5 2500X;9704
Intel Xeon E3-1240 v3 @ 3.40GHz;9677
Intel Xeon E3-1505M v6 @ 3.00GHz;9674
Intel Xeon E3-1290 V2 @ 3.70GHz;9654
Intel Xeon D-1531 @ 2.20GHz;9643
Intel Core i7-10510U @ 1.80GHz;9639
AMD EPYC 3201;9634
Intel Xeon E5-2658 @ 2.10GHz;9632
Intel Xeon E3-1231 v3 @ 3.40GHz;9631
Intel Xeon E3-1245 v3 @ 3.40GHz;9591
Intel Core i7-4790S @ 3.20GHz;9559
Intel Xeon E5-4610 @ 2.40GHz;9552
Intel Core i7-6920HQ @ 2.90GHz;9549
Intel Core i5-8400T @ 1.70GHz;9518
Intel Core i7-3770K @ 3.50GHz;9515
Intel Xeon E5-1620 v2 @ 3.70GHz;9498
Intel Xeon E3-1286L v3 @ 3.20GHz;9495
Intel Xeon E3-1270 V2 @ 3.50GHz;9473
Intel Core i5-8300H @ 2.30GHz;9470
AMD FX-9370 Eight-Core;9462
Intel Core i7-5850HQ @ 2.70GHz;9459
Intel Xeon E-2254ML @ 1.70GHz;9458
Intel Xeon E3-1280 V2 @ 3.60GHz;9445
Intel Core i7-4930MX @ 3.00GHz;9444
Intel Xeon E-2124 @ 3.30GHz;9444
Intel Core i5-7640X @ 4.00GHz;9440
Intel Xeon E3-1275 V2 @ 3.50GHz;9424
Intel Xeon E5-2640 @ 2.50GHz;9413
Intel Xeon E5-2628L v2 @ 1.90GHz;9405
AMD Opteron 6344;9372
Intel Core i7-4870HQ @ 2.50GHz;9353
Intel Core i7-4770S @ 3.10GHz;9350
Intel Core i7-4910MQ @ 2.90GHz;9336
AMD Ryzen 5 2400G;9327
Intel Xeon E3-1230 v3 @ 3.30GHz;9327
Intel Xeon E3-1535M v5 @ 2.90GHz;9316
Intel Core i7-7700T @ 2.90GHz;9314
Intel Xeon E5-4617 @ 2.90GHz;9313
Intel Xeon E5-2440 v2 @ 1.90GHz;9290
Intel Core i7-3770 @ 3.40GHz;9277
Intel Core i7-4860HQ @ 2.40GHz;9276
Intel Xeon E5-4620 @ 2.20GHz;9248
Intel Core i7-7820HQ @ 2.90GHz;9246
Intel Core i3-8350K @ 4.00GHz;9240
Intel Xeon E5-4607 v2 @ 2.60GHz;9234
Intel Xeon E5-2637 v2 @ 3.50GHz;9224
Intel Xeon E5-2440 @ 2.40GHz;9221
AMD Opteron 6376;9212
Intel Xeon E3-1265L v3 @ 2.50GHz;9204
Intel Core i7-3940XM @ 3.00GHz;9160
Intel Xeon E3-1240 V2 @ 3.40GHz;9152
Intel Core i7-7820EQ @ 3.00GHz;9144
Intel Xeon E3-1245 V2 @ 3.40GHz;9133
Intel Core i7-6820HK @ 2.70GHz;9124
AMD Opteron 6282 SE;9116
AMD Opteron 6378;9094
Intel Xeon E5-2630L v2 @ 2.40GHz;9088
Intel Core i7-4790T @ 2.70GHz;9074
Intel Xeon E5-1620 @ 3.60GHz;9067
Intel Xeon E5-2430 v2 @ 2.50GHz;9061
Intel Xeon E3-1265L v4 @ 2.30GHz;9060
Intel Core i7-4850HQ @ 2.30GHz;9056
Intel Core i7-990X @ 3.47GHz;9050
Intel Core i5-7600K @ 3.80GHz;9049
AMD FX-8370 Eight-Core;9048
AMD Ryzen 5 2400GE;9044
Intel Core i7-6700T @ 2.80GHz;9001
Intel Core i7-3820 @ 3.60GHz;8987
Intel Xeon E5-2623 v3 @ 3.00GHz;8987
Intel Core i7-3920XM @ 2.90GHz;8984
Intel Core i7-4900MQ @ 2.80GHz;8973
Intel Xeon W3690 @ 3.47GHz;8965
Intel Core i7-4770HQ @ 2.20GHz;8961
Intel Xeon X5679 @ 3.20GHz;8958
AMD FX-8350 Eight-Core;8957
Intel Xeon E3-1505M v5 @ 2.80GHz;8956
Intel Xeon E5-2448L v2 @ 1.80GHz;8954
Intel Core i5-8305G @ 2.80GHz;8947
Intel Core i3-9100 @ 3.60GHz;8935
Intel Xeon E5-2630 @ 2.30GHz;8928
Intel Xeon W3680 @ 3.33GHz;8904
Intel Core i7-3770S @ 3.10GHz;8901
Intel Xeon E3-1275L v3 @ 2.70GHz;8901
AMD Opteron 6276;8889
AMD Ryzen 7 PRO 2700U;8877
Intel Core i3-9100F @ 3.60GHz;8877
AMD Ryzen 7 3750H;8874
Intel Core i5-1035G4 @ 1.10GHz;8874
Intel Xeon E3-1230 V2 @ 3.30GHz;8869
Intel Xeon E5-4610 v3 @ 1.70GHz;8853
Intel Core i7-8565U @ 1.80GHz;8836
Intel Core i7-4760HQ @ 2.10GHz;8793
Intel Xeon X5690 @ 3.47GHz;8787
Intel Core i3-9300T @ 3.20GHz;8777
Intel Xeon E3-1290 @ 3.60GHz;8768
Intel Core i7-7700HQ @ 2.80GHz;8766
Intel Core i7-6820HQ @ 2.70GHz;8764
Intel Core i7-3840QM @ 2.80GHz;8763
Intel Core i5-1035G1 @ 1.00GHz;8761
Intel Xeon E5-2420 v2 @ 2.20GHz;8750
Intel Core i7-980X @ 3.33GHz;8746
Intel Core i7-8665UE @ 1.70GHz;8731
Intel Core i7-8665U @ 1.90GHz;8701
Intel Core i3-8300 @ 3.70GHz;8700
Intel Core i7-8650U @ 1.90GHz;8696
Intel Xeon E3-1268L v5 @ 2.40GHz;8695
Intel Core i7-2700K @ 3.50GHz;8690
Intel Xeon E5-1428L v2 @ 2.20GHz;8679
Intel Core i7-6700TE @ 2.40GHz;8674
Intel Core i7-4810MQ @ 2.80GHz;8655
Intel Core i7-6820EQ @ 2.80GHz;8630
Intel Core i5-7600 @ 3.50GHz;8614
Intel Xeon E5-2620 v2 @ 2.10GHz;8611
Intel Xeon Silver 4112 @ 2.60GHz;8611
Intel Core i7-4770T @ 2.50GHz;8601
AMD Ryzen 7 PRO 3700U;8576
AMD Ryzen Embedded V1756B;8559
Intel Core i3-8100B @ 3.60GHz;8544
Intel Core i7-980 @ 3.33GHz;8530
AMD Ryzen 3 PRO 3200G;8528
AMD Ryzen Embedded V1807B;8528
Intel Xeon E5-2623 v4 @ 2.60GHz;8506
AMD Ryzen 7 2800H;8498
Intel Core i5-10210U @ 1.60GHz;8493
Intel Xeon E5-2650L @ 1.80GHz;8483
Intel Xeon E5-2643 @ 3.30GHz;8452
Intel Core i7-4800MQ @ 2.70GHz;8446
Intel Xeon D-1537 @ 1.70GHz;8445
Intel Xeon D-1539 @ 1.60GHz;8443
Intel Core i7-2600K @ 3.40GHz;8433
AMD Ryzen 5 PRO 2400GE;8426
Intel Xeon E3-1280 @ 3.50GHz;8420
AMD Ryzen 5 PRO 3500U;8410
AMD Ryzen 5 3550H;8409
Intel Core i7-3820QM @ 2.70GHz;8401
AMD Ryzen 5 1400;8370
AMD Ryzen 5 2600H;8366
Intel Xeon X5680 @ 3.33GHz;8354
Intel Core i7-970 @ 3.20GHz;8352
Intel Core i7-5700HQ @ 2.70GHz;8347
Intel Core i5-8365U @ 1.60GHz;8327
AMD Ryzen 3 2300X;8309
AMD Ryzen 3 PRO 3200GE;8301
Intel Core i7-3740QM @ 2.70GHz;8300
Intel Xeon E5-2450L @ 1.80GHz;8261
Intel Xeon E3-1270 @ 3.40GHz;8248
Intel Core i7-8550U @ 1.80GHz;8246
Intel Core i7-5700EQ @ 2.60GHz;8239
Intel Xeon D-1528 @ 1.90GHz;8210
Intel Core i7-3770T @ 2.50GHz;8204
Intel Core i7-4750HQ @ 2.00GHz;8202
Intel Core i7-2600 @ 3.40GHz;8181
AMD Ryzen 5 PRO 2500U;8179
Intel Core i7-5675C @ 3.10GHz;8164
Intel Xeon D-2123IT @ 2.20GHz;8150
Intel Core i5-8350U @ 1.70GHz;8134
Intel Core i7-6700HQ @ 2.60GHz;8127
Intel Core i5-5675C @ 3.10GHz;8125
Intel Core i7-3720QM @ 2.60GHz;8124
Intel Xeon E3-1275 @ 3.40GHz;8111
AMD Ryzen 5 3580U;8094
Intel Core i7-4722HQ @ 2.40GHz;8093
Intel Xeon E5-2630L @ 2.00GHz;8080
Intel Core i5-6600K @ 3.50GHz;8061
Intel Xeon D-1559 @ 1.50GHz;8055
AMD Ryzen 7 3700U;8046
Intel Xeon E3-1245 @ 3.30GHz;8041
AMD Ryzen 3 PRO 2200G;8040
AMD FX-8320 Eight-Core;8037
Intel Core i3-8300T @ 3.20GHz;8032
Intel Xeon W3670 @ 3.20GHz;8021
Intel Core i5-8365UE @ 1.60GHz;8010
Intel Core i3-8100 @ 3.60GHz;8005
AMD Ryzen 3 PRO 1300;7994
Intel Core i5-8265U @ 1.60GHz;7993
Intel Xeon X5675 @ 3.07GHz;7993
Intel Core i5-5675R @ 3.10GHz;7991
Intel Core i7-4720HQ @ 2.60GHz;7989
Intel Core i5-7600T @ 2.80GHz;7983
Intel Core i7-4710MQ @ 2.50GHz;7981
Intel Xeon E3-1240 @ 3.30GHz;7975
Intel Xeon E3-1225 v6 @ 3.30GHz;7958
Intel Core i5-7500 @ 3.40GHz;7940
Intel Xeon E5-2620 @ 2.00GHz;7904
AMD Ryzen 3 3200G;7900
Intel Core i7-4860EQ @ 1.80GHz;7900
Intel Xeon E3-1505L v6 @ 2.20GHz;7887
AMD Ryzen 7 3780U;7870
AMD FX-8370E Eight-Core;7863
Intel Xeon E5-2608L v3 @ 2.00GHz;7857
Intel Xeon E3-1230 @ 3.20GHz;7851
Intel Xeon E3-1268L v3 @ 2.30GHz;7850
AMD Ryzen 5 3500U;7844
Intel Xeon E5-2430L @ 2.00GHz;7834
Intel Xeon E3-1225 v5 @ 3.30GHz;7829
Intel Xeon E-2104G @ 3.20GHz;7825
AMD Opteron 6328;7813
Intel Xeon X5670 @ 2.93GHz;7806
Intel Core i5-4690K @ 3.50GHz;7798
Intel Core i5-8265UC @ 1.60GHz;7783
Intel Core i5-6600 @ 3.30GHz;7778
Intel Xeon E3-1220 v5 @ 3.00GHz;7772
AMD FX-8300 Eight-Core;7770
Intel Xeon E3-1235 @ 3.20GHz;7759
Intel Xeon E3-1220 v6 @ 3.00GHz;7752
Intel Xeon E3-1240L v5 @ 2.10GHz;7746
AMD FX-8310 Eight-Core;7738
Intel Core i7-4700HQ @ 2.40GHz;7734
Intel Core i7-4710HQ @ 2.50GHz;7721
Intel Xeon E5-2430 @ 2.20GHz;7695
Intel Core i5-4690 @ 3.50GHz;7691
Intel Core i7-4700MQ @ 2.40GHz;7690
AMD Opteron 6238;7673
AMD FX-8150 Eight-Core;7656
Intel Core i3-9100T @ 3.10GHz;7650
Intel Core i5-8250U @ 1.60GHz;7645
Intel Core i7-4785T @ 2.20GHz;7641
Intel Core i5-4670K @ 3.40GHz;7636
Intel Core i5-7440HQ @ 2.80GHz;7626
Intel Xeon X5660 @ 2.80GHz;7589
Intel Xeon E3-1226 v3 @ 3.30GHz;7584
Intel Core i7-3630QM @ 2.40GHz;7582
AMD FX-8320E Eight-Core;7579
AMD Ryzen 3 1300X;7563
Intel Core i7-4712HQ @ 2.30GHz;7532
AMD Opteron 6366 HE;7503
Intel Xeon E3-1240L v3 @ 2.00GHz;7486
Intel Core i5-5575R @ 2.80GHz;7484
Intel Xeon E3-1265L V2 @ 2.50GHz;7479
Intel Core i5-4670 @ 3.40GHz;7475
Intel Core i7-3610QM @ 2.30GHz;7458
Intel Core i7-3615QE @ 2.30GHz;7458
Intel Core i5-4690S @ 3.20GHz;7446
AMD Ryzen 3 PRO 2200GE;7441
Intel Xeon E5-1410 v2 @ 2.80GHz;7430
Intel Core i7-4702HQ @ 2.20GHz;7420
Intel Core i5-4670R @ 3.00GHz;7419
Intel Xeon W-2104 @ 3.20GHz;7418
AMD Ryzen 7 2700U;7417
Intel Core i5-4670K CPT @ 3.40GHz;7411
Intel Core i5-4670S @ 3.10GHz;7399
Intel Core i7-3615QM @ 2.30GHz;7389
AMD Ryzen 5 2500U;7348
Intel Core i5-4590 @ 3.30GHz;7345
AMD Ryzen 3 2200G;7332
Intel Core i7-4765T @ 2.00GHz;7309
Intel Core i3-8100T @ 3.10GHz;7305
Intel Xeon X5650 @ 2.67GHz;7289
Intel Core i5-6600T @ 2.70GHz;7273
Intel Xeon E5-1607 v4 @ 3.10GHz;7270
Intel Xeon E5-1410 @ 2.80GHz;7265
Intel Xeon E3-1225 v3 @ 3.20GHz;7253
Intel Core i5-6500 @ 3.20GHz;7249
Intel Core i5-7400 @ 3.00GHz;7235
Intel Xeon E3-1230L v3 @ 1.80GHz;7231
Intel Core i7-2960XM @ 2.70GHz;7224
Intel Core i7-4712MQ @ 2.30GHz;7206
Intel Core i7-4700EQ @ 2.40GHz;7203
Intel Core i5-3570K @ 3.40GHz;7187
Intel Xeon E3-1220 v3 @ 3.10GHz;7186
Intel Core i5-4570 @ 3.20GHz;7157
Intel Core i5-3570 @ 3.40GHz;7143
Intel Core i7-4702MQ @ 2.20GHz;7134
AMD Ryzen Embedded V1605B;7124
Intel Core i5-6402P @ 2.80GHz;7097
Intel Core i7-2600S @ 2.80GHz;7093
Intel Core i5-4590S @ 3.00GHz;7077
AMD Ryzen 3 PRO 1200;7075
AMD Ryzen 3 PRO 2300U;7063
Intel Xeon E5-2420 @ 1.90GHz;7063
Intel Xeon E5-1607 v3 @ 3.10GHz;7029
AMD FX-6350 Six-Core;7022
Intel Core i7-2920XM @ 2.50GHz;6998
Intel Xeon W-2102 @ 2.90GHz;6981
Intel Xeon D-1521 @ 2.40GHz;6980
Intel Xeon E3-1225 V2 @ 3.20GHz;6978
AMD Ryzen 3 2200GE;6976
Intel Core i5-3550 @ 3.30GHz;6968
Intel Xeon X5687 @ 3.60GHz;6962
AMD FX-6330 Six-Core;6954
Intel Core i7-2860QM @ 2.50GHz;6950
Intel Xeon Platinum 8151 @ 3.40GHz;6947
AMD Ryzen 3 PRO 3300U;6941
Intel Core i5-7500T @ 2.70GHz;6939
Intel Core i7-3632QM @ 2.20GHz;6928
Intel Xeon E5-2609 v4 @ 1.70GHz;6925
Intel Core i5-3550S @ 3.00GHz;6916
Intel Xeon Bronze 3106 @ 1.70GHz;6890
Intel Xeon E5649 @ 2.53GHz;6869
Intel Xeon L5639 @ 2.13GHz;6869
Intel Core i5-4570S @ 2.90GHz;6837
Intel Core i7-3612QM @ 2.10GHz;6819
Intel Core i5-6440HQ @ 2.60GHz;6805
AMD Ryzen 3 1200;6798
AMD Opteron 6220;6785
Intel Core i5-4570R @ 2.70GHz;6776
Intel Core i7-2840QM @ 2.40GHz;6766
AMD Opteron 4386;6761
Intel Xeon X5677 @ 3.47GHz;6755
Intel Core i5-6400 @ 2.70GHz;6754
AMD Opteron 6272;6748
Intel Xeon E3-1220 V2 @ 3.10GHz;6739
Intel Core i7-4770TE @ 2.30GHz;6732
Intel Core i5-3570S @ 3.10GHz;6729
Intel Core i5-3470 @ 3.20GHz;6728
Intel Core i5-4460 @ 3.20GHz;6725
Intel Core i5-7300HQ @ 2.50GHz;6717
Intel Core i7-3612QE @ 2.10GHz;6712
Intel Xeon E5-2648L @ 1.80GHz;6698
Intel Core i7-3635QM @ 2.40GHz;6677
Intel Core i5-2550K @ 3.40GHz;6676
AMD Opteron 4284;6660
Intel Core i7-2820QM @ 2.30GHz;6645
AMD FX-8120 Eight-Core;6643
Intel Core i7-985 @ 3.47GHz;6641
Intel Xeon E5-2430L v2 @ 2.40GHz;6627
Intel Core i5-3475S @ 2.90GHz;6617
Intel Core i3-7350K @ 4.20GHz;6595
Intel Atom C3958 @ 2.00GHz;6586
Intel Core i5-6500TE @ 2.30GHz;6580
Intel Core i7-2760QM @ 2.40GHz;6552
Intel Core i5-4690T @ 2.50GHz;6547
Intel Core i7-3610QE @ 2.30GHz;6544
Intel Core i5-3450 @ 3.10GHz;6535
Intel Core i5-4440 @ 3.10GHz;6519
Intel Core i7-6822EQ @ 2.00GHz;6501
Intel Core i5-2500K @ 3.30GHz;6488
Intel Core i7-7567U @ 3.50GHz;6465
Intel Xeon E3-1235L v5 @ 2.00GHz;6462
Intel Xeon X5672 @ 3.20GHz;6461
Intel Xeon E5-1603 v4 @ 2.80GHz;6454
Intel Core i5-4460S @ 2.90GHz;6432
AMD Opteron 4280;6430
Intel Xeon E5645 @ 2.40GHz;6422
Intel Core i3-7320 @ 4.10GHz;6417
AMD FX-6300 Six-Core;6408
Intel Core i5-3470S @ 2.90GHz;6401
AMD Opteron 3380;6384
Intel Xeon E3-1505L v5 @ 2.00GHz;6374
Intel Core i5-2500 @ 3.30GHz;6354
Intel Core i5-4430 @ 3.00GHz;6340
Intel Core i5-7400T @ 2.40GHz;6333
Intel Core i3-7300 @ 4.00GHz;6329
Intel Core i5-6500T @ 2.50GHz;6306
Intel Core i5-6440EQ @ 2.70GHz;6297
Intel Core i5-4440S @ 2.80GHz;6270
Intel Xeon E3-1220 @ 3.10GHz;6256
Intel Xeon E3-1260L @ 2.40GHz;6240
Intel Core i5-3450S @ 2.80GHz;6233
Intel Xeon L5640 @ 2.27GHz;6232
Intel Xeon E5-1607 v2 @ 3.00GHz;6217
Intel Xeon E5-1603 v3 @ 2.80GHz;6216
AMD FX-6130 Six-Core;6215
Intel Xeon X5667 @ 3.07GHz;6198
Intel Xeon W3580 @ 3.33GHz;6183
AMD Opteron 6174;6171
Intel Core i5-3350P @ 3.10GHz;6155
Intel Core i5-4670T @ 2.30GHz;6155
Intel Core i5-2450P @ 3.20GHz;6149
AMD Ryzen 3 3300U;6143
AMD FX-8140 Eight-Core;6133
AMD PRO A12-9800;6132
AMD Ryzen 3 2300U;6118
AMD FX-6200 Six-Core;6108
Intel Core i7-2720QM @ 2.20GHz;6106
Intel Core i5-3340 @ 3.10GHz;6102
Intel Xeon E3-1225 @ 3.10GHz;6102
AMD Opteron 4334;6099
Intel Core i7-975 @ 3.33GHz;6099
Intel Core i5-6300HQ @ 2.30GHz;6097
AMD Opteron 3365;6088
Intel Core i3-8109U @ 3.00GHz;6088
Intel Xeon W5590 @ 3.33GHz;6088
AMD PRO A12-8870;6067
Intel Core i3-6320 @ 3.90GHz;6049
Intel Core i3-1005G1 @ 1.20GHz;6034
Intel Xeon W3570 @ 3.20GHz;6032
Intel Core i7-7660U @ 2.50GHz;5986
Intel Core i5-2400 @ 3.10GHz;5974
Intel Core i5-4430S @ 2.70GHz;5969
Intel Xeon E3-1265L @ 2.40GHz;5961
Intel Core i5-3330 @ 3.00GHz;5954
AMD Opteron 6234;5938
Intel Core i5-3570T @ 2.30GHz;5914
Intel Core i5-7442EQ @ 2.10GHz;5901
Intel Xeon E5-2609 v3 @ 1.90GHz;5901
AMD FX-8100 Eight-Core;5884
Intel Core i7-2670QM @ 2.20GHz;5878
Intel Xeon E5-1607 @ 3.00GHz;5871
Intel Core i5-7360U @ 2.30GHz;5855
AMD PRO A10-8850B;5852
Intel Core i7-965 @ 3.20GHz;5850
Intel Pentium Gold G5620 @ 4.00GHz;5848
Intel Core i5-3340S @ 2.80GHz;5846
Intel Core i3-6300 @ 3.80GHz;5843
Intel Xeon W5580 @ 3.20GHz;5836
Intel Xeon X5647 @ 2.93GHz;5797
Intel Core i5-3335S @ 2.70GHz;5795
Intel Core i7-960 @ 3.20GHz;5794
AMD Opteron 6212;5776
Intel Core i3-7100 @ 3.90GHz;5776
Intel Core i5-2320 @ 3.00GHz;5775
Intel Xeon W3565 @ 3.20GHz;5775
Intel Core i7-7560U @ 2.40GHz;5769
Intel Core i7-2710QE @ 2.10GHz;5768
Intel Core i3-10110U @ 2.10GHz;5763
ZHAOXIN KaiXian KX-U6780A@2.7GHz;5760
Intel Xeon D-1520 @ 2.20GHz;5755
AMD FX-6120 Six-Core;5754
Intel Core i5-2380P @ 3.10GHz;5743
Intel Pentium Gold G5600F @ 3.90GHz;5736
AMD PRO A10-8770;5707
AMD A10-7890K;5706
AMD Phenom II X6 1100T;5706
Intel Core i5-3330S @ 2.70GHz;5677
Intel Xeon X3480 @ 3.07GHz;5658
Intel Core i5-7287U @ 3.30GHz;5656
Intel Xeon Bronze 3104 @ 1.70GHz;5646
Intel Core i5-7260U @ 2.20GHz;5638
Intel Core i5-4590T @ 2.00GHz;5626
Intel Xeon L5638 @ 2.00GHz;5622
Intel Core i3-4370 @ 3.80GHz;5617
Intel Core i5-6400T @ 2.20GHz;5617
Intel Xeon X5570 @ 2.93GHz;5615
AMD Opteron 4332 HE;5614
AMD A10-8850;5604
AMD PRO A10-9700;5599
AMD A12-9800;5584
Intel Core i7-6567U @ 3.30GHz;5582
Intel Xeon E5-1603 @ 2.80GHz;5578
AMD Athlon X4 880K;5572
Intel Pentium Gold G5600 @ 3.90GHz;5570
Intel Xeon W3550 @ 3.07GHz;5565
AMD Phenom II X6 1090T;5559
AMD Athlon PRO 300GE;5557
Intel Core i7-2675QM @ 2.20GHz;5546
Intel Core i7-950 @ 3.07GHz;5538
Intel Core i5-2310 @ 2.90GHz;5537
AMD Opteron 3280;5533
Intel Core i7-2630QM @ 2.00GHz;5522
Intel Core i7-880 @ 3.07GHz;5505
Intel Xeon E5-2603 v4 @ 1.70GHz;5504
Intel Core i3-8145U @ 2.10GHz;5501
AMD Athlon 240GE;5485
Intel Core i3-6100 @ 3.70GHz;5484
Intel Core i7-2635QM @ 2.00GHz;5478
AMD A10-7870K;5476
AMD PRO A10-8750B;5473
AMD A10-7850K APU;5468
AMD A8-8650;5465
AMD Opteron 6176 SE;5465
Intel Core i3-4360 @ 3.70GHz;5446
Intel Core i7-875K @ 2.93GHz;5416
AMD Athlon X4 860K;5410
AMD Athlon X4 845;5408
AMD FX-6100 Six-Core;5405
Intel Pentium Gold G5420 @ 3.80GHz;5403
Intel Xeon W3540 @ 2.93GHz;5399
AMD Athlon 3000G;5389
Intel Xeon X5560 @ 2.80GHz;5389
Intel Core i3-6098P @ 3.60GHz;5387
Intel Core i5-2500S @ 2.70GHz;5386
AMD A10 PRO-7850B APU;5380
AMD A10-9700;5379
Intel Core i3-7300T @ 3.50GHz;5369
Intel Core i5-2300 @ 2.80GHz;5365
Intel Core i7-2715QE @ 2.10GHz;5365
AMD Opteron 6164 HE;5351
AMD A8-7680;5350
AMD FX-4350 Quad-Core;5340
Intel Core i7-870 @ 2.93GHz;5338
Intel Xeon X3470 @ 2.93GHz;5336
Intel Core i7-940 @ 2.93GHz;5332
AMD FX-4330;5328
AMD Phenom II X6 1075T;5325
Intel Xeon D-1518 @ 2.20GHz;5322
AMD Athlon X4 870K;5320
AMD PRO A8-9600;5277
Intel Xeon X5550 @ 2.67GHz;5270
AMD Opteron 6172;5261
Intel Xeon E5640 @ 2.67GHz;5250
Intel Core i3-6300T @ 3.30GHz;5247
Intel Core i3-4340 @ 3.60GHz;5245
AMD Athlon 220GE;5242
AMD Athlon X4 950;5232
AMD PRO A8-8650B;5223
Intel Pentium Gold G5400 @ 3.70GHz;5223
Intel Pentium G4620 @ 3.70GHz;5215
Intel Xeon W3530 @ 2.80GHz;5215
Intel Xeon E5-2418L @ 2.00GHz;5202
Intel Pentium Gold G5500 @ 3.80GHz;5195
Intel Core i3-4170 @ 3.70GHz;5189
AMD PRO A12-8870E;5186
Intel Xeon E5-2603 v3 @ 1.60GHz;5179
AMD Athlon PRO 200GE;5163
Intel Core i3-7101TE @ 3.40GHz;5160
Intel Xeon E5-2609 v2 @ 2.50GHz;5160
Intel Pentium Gold G5420T @ 3.20GHz;5156
Intel Core i5-7300U @ 2.60GHz;5148
Intel Xeon X3460 @ 2.80GHz;5147
Intel Core i7-930 @ 2.80GHz;5130
Intel Core i7-7500U @ 2.70GHz;5120
AMD A10-7700K APU;5118
AMD Ryzen 3 PRO 2100GE;5113
Intel Core i7-7600U @ 2.80GHz;5110
AMD A12-9800E;5087
Intel Core i3-4330 @ 3.50GHz;5087
AMD A8-7670K;5083
Intel Core i5-2405S @ 2.50GHz;5082
Intel Pentium G4600 @ 3.60GHz;5073
AMD Athlon X4 840;5070
AMD Embedded R-Series RX-418GD Radeon R6;5068
AMD PRO A10-9700E;5066
AMD A10-8750;5064
AMD A8-7600 APU;5062
Intel Xeon E5630 @ 2.53GHz;5055
Intel Core i5-7267U @ 3.10GHz;5052
Intel Core i3-4160 @ 3.60GHz;5049
Intel Core i3-7100T @ 3.40GHz;5049
AMD A10-7860K;5045
AMD Phenom II X6 1405T;5042
AMD PRO A10-8770E;5035
AMD Phenom II X6 1065T;5028
AMD Opteron 4365 EE;5025
AMD FX-870K Quad Core;5021
Intel Core i7-860 @ 2.80GHz;5020
AMD PRO A8-8670E;5015
Intel Core i3-8130U @ 2.20GHz;5014
Intel Xeon E5-4603 @ 2.00GHz;5014
AMD FX-4320;5011
AMD A10 PRO-7800B APU;4997
Intel Core i5-2400S @ 2.50GHz;4991
Intel Core i3-4350 @ 3.60GHz;4990
Intel Core i5-4460T @ 1.90GHz;4980
Intel Core i7-6650U @ 2.20GHz;4978
AMD A10-7800 APU;4973
AMD A8-9600;4968
AMD Phenom II X6 1055T;4965
Intel Core i7-5557U @ 3.10GHz;4954
AMD Athlon 200GE;4952
Intel Xeon W3520 @ 2.67GHz;4940
Intel Core i3-4570T @ 2.90GHz;4934
AMD A8-7650K;4933
Intel Core i5-24050S @ 2.50GHz;4928
Intel Core i7-4610M @ 3.00GHz;4920
Intel Core i7-860S @ 2.53GHz;4919
Intel Core i7-920 @ 2.67GHz;4912
Intel Core i7-4600M @ 2.90GHz;4908
Intel Core i3-4150 @ 3.50GHz;4901
Intel Core i5-6267U @ 2.90GHz;4893
AMD Opteron X3421 APU;4886
Intel Pentium Gold G5400T @ 3.10GHz;4884
Intel Core i5-4340M @ 2.90GHz;4882
Intel Core i3-4370T @ 3.30GHz;4870
AMD FX-4170 Quad-Core;4869
AMD Opteron 6274;4865
Intel Xeon X5492 @ 3.40GHz;4865
AMD A10-6800K APU;4860
Intel Pentium G4560 @ 3.50GHz;4860
Intel Core i3-6100T @ 3.20GHz;4858
Intel Atom C3858 @ 2.00GHz;4852
Intel Core i7-870S @ 2.67GHz;4849
AMD A10-6800B APU;4822
Intel Core i5-4570T @ 2.90GHz;4819
Intel Core i7-6560U @ 2.20GHz;4819
AMD FX-770K Quad-Core;4811
Intel Core i3-4130 @ 3.40GHz;4803
Intel Core i3-8121U @ 2.20GHz;4802
Intel Core i7-6600U @ 2.60GHz;4801
AMD Phenom II X6 1045T;4794
AMD FX-9830P;4783
Intel Core i7-4578U @ 3.00GHz;4780
Intel Xeon E5620 @ 2.40GHz;4770
AMD PRO A12-9800E;4769
Intel Core i3-7167U @ 2.80GHz;4757
Intel Core i5-6287U @ 3.10GHz;4751
Intel Xeon X3450 @ 2.67GHz;4748
AMD A10-9700E;4747
Intel Xeon E5540 @ 2.53GHz;4747
AMD A8 PRO-7600B APU;4740
Intel Xeon E5-2407 v2 @ 2.40GHz;4724
AMD A10-6790K APU;4718
AMD Opteron 2435;4708
AMD Athlon X4 830;4701
Intel Core i5-5287U @ 2.90GHz;4700
AMD FX-4300 Quad-Core;4697
Intel Core i5-6360U @ 2.00GHz;4686
Intel Core i7-3540M @ 3.00GHz;4671
AMD Phenom II X6 1035T;4664
AMD Opteron X3418 APU;4659
Intel Core i5-4310M @ 2.70GHz;4657
AMD A10-5800K APU;4649
Intel Core i5-2500T @ 2.30GHz;4647
Intel Core2 Extreme X9775 @ 3.20GHz;4646
Intel Core i3-4360T @ 3.20GHz;4636
AMD Embedded R-Series RX-421BD;4635
AMD Athlon 300U;4634
AMD Opteron 6136;4631
AMD FX-7600P APU;4627
Intel Core i3-7100H @ 3.00GHz;4627
AMD A8-6500B APU;4616
Intel Xeon E5-2609 @ 2.40GHz;4616
AMD A10-5800B APU;4614
AMD FX-B4150 Quad-Core;4611
AMD Ryzen 3 3200U;4609
Intel Core2 Extreme X9770 @ 3.20GHz;4608
AMD A10-6700 APU;4607
Intel Xeon X3380 @ 3.16GHz;4600
AMD Athlon X4 760K Quad Core;4596
AMD FX-4150 Quad-Core;4594
AMD A8-6600K APU;4593
AMD Ryzen 3 2200U;4586
AMD Ryzen Embedded R1505G;4578
Intel Xeon X5470 @ 3.33GHz;4578
Intel Core i5-7200U @ 2.50GHz;4561
Intel Core 860 @ 2.80GHz;4555
AMD Athlon X4 750 Quad Core;4551
Intel Core i5-4330M @ 2.80GHz;4551
AMD FX-670K Quad-Core;4550
Intel Core i5-4400E @ 2.70GHz;4548
Intel Core i7-3520M @ 2.90GHz;4547
AMD FirePro A320 APU;4540
Intel Core i5-4210H @ 2.90GHz;4532
Intel Xeon X5482 @ 3.20GHz;4528
AMD Opteron 2431;4516
Intel Xeon X3440 @ 2.53GHz;4510
Intel Xeon E5-2637 @ 3.00GHz;4508
AMD Opteron 6128;4505
Intel Core2 Extreme X9750 @ 3.16GHz;4504
Intel Xeon E5530 @ 2.40GHz;4494
Intel Core i5-3470T @ 2.90GHz;4491
Intel Core i3-4170T @ 3.20GHz;4489
AMD Phenom II X4 980;4488
Intel Core i3-4330T @ 3.00GHz;4485
AMD A10-9630P;4474
Intel Core i7-6498DU @ 2.50GHz;4470
Intel Core i3-3245 @ 3.40GHz;4467
Intel Core i3-4160T @ 3.10GHz;4465
Intel Core i5-4200H @ 2.80GHz;4462
Intel Core i3-3250 @ 3.50GHz;4452
Intel Core i5-4300M @ 2.60GHz;4449
AMD Phenom II X4 975;4448
AMD Ryzen Embedded V1202B;4447
Intel Core i5-3380M @ 2.90GHz;4444
Intel Core i5-3360M @ 2.80GHz;4438
Intel Xeon E3-1220L V2 @ 2.30GHz;4419
AMD Opteron 4184;4418
Intel Core i7-6500U @ 2.50GHz;4418
AMD A12-9730P;4417
Intel Core i5-5257U @ 2.70GHz;4413
Intel Core i7-4558U @ 2.80GHz;4401
AMD A8-6500 APU;4395
Intel Xeon L5530 @ 2.40GHz;4389
AMD PRO A10-9700B;4380
Intel Xeon E5520 @ 2.27GHz;4377
Intel Core i5-4278U @ 2.60GHz;4371
Intel Core i5-6300U @ 2.40GHz;4365
AMD RX-427BB;4364
Intel Core i5-6260U @ 1.80GHz;4359
Intel Core i3-3225 @ 3.30GHz;4346
Intel Pentium Gold G5500T @ 3.20GHz;4346
AMD A8-5600K APU;4341
Intel Core i5-8200Y @ 1.30GHz;4339
Intel Xeon L5630 @ 2.13GHz;4338
Intel Core i7-4560U @ 1.60GHz;4329
Intel Core i7-5600U @ 2.60GHz;4328
Intel Core i3-2140 @ 3.50GHz;4325
Intel Xeon L5520 @ 2.27GHz;4324
Intel Xeon X5460 @ 3.16GHz;4321
Intel Core i3-3240 @ 3.40GHz;4318
Intel Core i3-6100TE @ 2.70GHz;4315
AMD Phenom II X4 970;4313
Intel Core i5-4288U @ 2.60GHz;4303
Intel Core i3-4350T @ 3.10GHz;4302
Intel Xeon X3370 @ 3.00GHz;4293
AMD Athlon X4 750K Quad Core;4273
Intel Xeon X5698 @ 4.40GHz;4272
AMD FX-4200 Quad-Core;4270
Intel Pentium G4600T @ 3.00GHz;4266
AMD Phenom II X4 B70;4261
AMD PRO A12-8830B;4259
Intel Core i5-3340M @ 2.70GHz;4252
Intel Core i3-3220 @ 3.30GHz;4247
Intel Core i7-5650U @ 2.20GHz;4242
Intel Core i3-4150T @ 3.00GHz;4227
Intel Core i5-8210Y @ 1.60GHz;4227
Intel Core i5-2390T @ 2.70GHz;4223
Intel Core i5-4308U @ 2.80GHz;4219
AMD A10-5700 APU;4214
Intel Core i5-4210M @ 2.60GHz;4213
AMD FX-8800P;4197
Intel Core i3-6100H @ 2.70GHz;4188
Intel Xeon E5-2407 @ 2.20GHz;4188
AMD Opteron 3350 HE;4186
Intel Pentium G4520 @ 3.60GHz;4184
Intel Xeon E5450 @ 3.00GHz;4179
AMD Phenom II X4 965;4177
AMD Phenom II X4 B65;4172
AMD FX-4130 Quad-Core;4162
Intel Core2 Extreme X9650 @ 3.00GHz;4157
Intel Core2 Quad Q9650 @ 3.00GHz;4153
Intel Core i3-4130T @ 2.90GHz;4152
Intel Core i5-6198DU @ 2.30GHz;4149
Intel Core i5-3320M @ 2.60GHz;4133
AMD Phenom II X4 B99;4126
AMD Athlon II X4 559;4125
Intel Core i7-3687U @ 2.10GHz;4123
AMD PRO A12-8800B;4111
Intel Xeon X5450 @ 3.00GHz;4107
Intel Core i7-4600U @ 2.10GHz;4102
Intel Core i5-4258U @ 2.40GHz;4096
AMD PRO A12-9800B;4095
Intel Xeon E5472 @ 3.00GHz;4085
AMD FX-4100 Quad-Core;4075
Intel Core i3-2130 @ 3.40GHz;4072
Intel Core i3-7130U @ 2.70GHz;4062
AMD A8-5500B APU;4050
AMD FX-7600P;4050
Intel Core i3-3210 @ 3.20GHz;4044
Intel Core i5-4200M @ 2.50GHz;4038
AMD Athlon X4 740 Quad Core;4033
AMD Phenom II X4 B60;4032
Intel Core i3-2125 @ 3.30GHz;4015
Intel Core i5-6200U @ 2.30GHz;4011
Intel Xeon X5472 @ 3.00GHz;4001
AMD A8-5500 APU;3999
AMD A12-9720P;3990
Intel Pentium G4560T @ 2.90GHz;3990
Intel Xeon X3363 @ 2.83GHz;3982
Intel Core i7-5500U @ 2.40GHz;3981
Intel Core i7-3667U @ 2.00GHz;3975
Intel Core i7-3555LE @ 2.50GHz;3966
AMD PRO A8-9600B;3964
AMD FX-9800P;3961
Intel Core2 Quad Q9550 @ 2.83GHz;3961
Intel Xeon E5440 @ 2.83GHz;3956
AMD PRO A10-8730B;3953
Intel Core i7-4650U @ 1.70GHz;3950
Intel Core i5-4402E @ 1.60GHz;3947
Intel Core2 Quad Q9705 @ 3.16GHz;3947
AMD Phenom Ultra X4 24500;3945
Intel Core i5-3230M @ 2.60GHz;3945
Intel Core i7-8500Y @ 1.50GHz;3945
Intel Xeon L3426 @ 1.87GHz;3943
Intel Core i5-760 @ 2.80GHz;3934
Intel Core i3-2120 @ 3.30GHz;3932
Intel Core i5-3610ME @ 2.70GHz;3929
Intel Xeon X3360 @ 2.83GHz;3925
Intel Core i7-2640M @ 2.80GHz;3924
Intel Core i7-940XM @ 2.13GHz;3921
AMD Phenom II X4 955;3916
Intel Core i7-4510U @ 2.00GHz;3916
Intel Xeon E5462 @ 2.80GHz;3872
AMD Phenom II X4 B97;3866
Intel Pentium G3258 @ 3.20GHz;3865
Intel Core i3-21050 @ 3.10GHz;3862
Intel Core i3-4110M @ 2.60GHz;3854
AMD Phenom II X4 B55;3853
Intel Xeon X3353 @ 2.66GHz;3853
Intel Core i7-5550U @ 2.00GHz;3851
Intel Core i5-5300U @ 2.30GHz;3845
Intel Core i7-2620M @ 2.70GHz;3842
Intel Xeon L7455 @ 2.13GHz;3836
AMD Athlon II X4 555;3830
Intel Core i5-3210M @ 2.50GHz;3829
Intel Core i5-4570TE @ 2.70GHz;3827
Intel Xeon X3350 @ 2.66GHz;3820
Intel Core i3-6157U @ 2.40GHz;3819
AMD Athlon II X4 553;3814
AMD Opteron 8439 SE;3813
Intel Pentium D1508 @ 2.20GHz;3813
Intel Core i7-3537U @ 2.00GHz;3810
Intel Pentium G4500 @ 3.50GHz;3792
Intel Core i7-4500U @ 1.80GHz;3785
Intel Core i5-2540M @ 2.60GHz;3783
Intel Core i5-4310U @ 2.00GHz;3782
AMD Phenom II X4 960T;3772
Intel Core i3-6100E @ 2.70GHz;3769
Intel Atom C2750 @ 2.40GHz;3768
AMD A10-9600P;3766
Intel Xeon E5-2603 v2 @ 1.80GHz;3766
Intel Xeon L3360 @ 2.83GHz;3764
Intel Core i3-7100U @ 2.40GHz;3760
AMD Phenom II X4 973;3759
Intel Core2 Quad Q9450 @ 2.66GHz;3757
Intel Core i5-2560M @ 2.70GHz;3752
Intel Xeon E5430 @ 2.66GHz;3751
AMD Phenom II X4 977;3750
Intel Core i7-4610Y @ 1.70GHz;3746
Intel Core i5-4300U @ 1.90GHz;3740
Intel Core i7-7Y75 @ 1.30GHz;3738
Intel Core i3-2102 @ 3.10GHz;3736
Intel Core i7-920XM @ 2.00GHz;3727
Intel Core i5-750 @ 2.67GHz;3719
Intel Xeon L5506 @ 2.13GHz;3715
Intel Pentium G3470 @ 3.60GHz;3714
AMD A12-9700P;3712
Intel Core i3-2105 @ 3.10GHz;3712
Intel Xeon L5430 @ 2.66GHz;3712
Intel Core m3-8100Y @ 1.10GHz;3709
AMD A10-6700T APU;3705
AMD Phenom II X4 B50;3696
Intel Core i3-3220T @ 2.80GHz;3696
Intel Pentium G3450 @ 3.40GHz;3696
Intel Core i3-2100 @ 3.10GHz;3693
AMD Phenom II X4 B95;3676
Intel Core i5-7Y57 @ 1.20GHz;3676
Intel Core i7-4550U @ 1.50GHz;3676
AMD A10-9620P;3673
Intel Core i3-5157U @ 2.50GHz;3670
Intel Core i3-3240T @ 2.90GHz;3666
AMD Opteron 4170 HE;3664
Intel Core2 Extreme Q6800 @ 2.93GHz;3655
AMD Phenom II X4 945;3652
Intel Core i5-3437U @ 1.90GHz;3628
Intel Core2 Extreme Q6850 @ 3.00GHz;3622
AMD Phenom FX-7750 Quad-Core;3616
Intel Core i3-3250T @ 3.00GHz;3614
Intel Core i5-4350U @ 1.40GHz;3610
AMD A10-7400P;3606
Intel Xeon E3-1220L @ 2.20GHz;3606
Intel Core i3-6100U @ 2.30GHz;3604
AMD Phenom II X4 840T;3596
Intel Core i5-5250U @ 1.60GHz;3595
Intel Core i5-2520M @ 2.50GHz;3593
Intel Xeon E5-2603 @ 1.80GHz;3591
Intel Xeon E5-2403 v2 @ 1.80GHz;3590
AMD Phenom II X4 940;3588
Intel Pentium G3460 @ 3.50GHz;3584
Intel Core i5-4260U @ 1.40GHz;3580
AMD Athlon II X4 651 Quad-Core;3575
Intel Core i5-3427U @ 1.80GHz;3550
AMD Phenom II X4 850;3547
Intel Core i5-7Y54 @ 1.20GHz;3547
Intel Core i7-3517U @ 1.90GHz;3540
AMD Opteron 2384;3538
AMD Opteron 2386 SE;3538
AMD A8-3870K APU;3536
Intel Pentium G4400 @ 3.30GHz;3535
AMD PRO A10-8700B;3530
Intel Core i3-7020U @ 2.30GHz;3525
Intel Xeon X5365 @ 3.00GHz;3524
Intel Xeon E5-2403 @ 1.80GHz;3523
Intel Core m3-7Y30 @ 1.00GHz;3522
Intel Core i5-5350U @ 1.80GHz;3520
Intel Core2 Quad Q9500 @ 2.83GHz;3520
Intel Core2 Quad Q9505 @ 2.83GHz;3520
AMD PRO A8-8600B;3518
Intel Core i5-680 @ 3.60GHz;3513
AMD Phenom II X4 840;3508
Intel Celeron G4930 @ 3.20GHz;3503
Intel Xeon L5420 @ 2.50GHz;3501
Intel Core i5-5200U @ 2.20GHz;3497
AMD Phenom II 42 TWKR Black Edition;3489
Intel Core i5-2510E @ 2.50GHz;3483
AMD Athlon II X4 650;3482
Intel Xeon E5420 @ 2.50GHz;3482
Intel Pentium G4500T @ 3.00GHz;3471
AMD Phenom II X4 B45;3470
Intel Core m7-6Y75 @ 1.20GHz;3466
AMD Athlon II X4 645;3465
AMD A8-3850 APU;3458
Intel Core2 Extreme Q9300 @ 2.53GHz;3457
Quad-Core AMD Opteron 1389;3446
Quad-Core AMD Opteron 1385;3442
AMD A10-8700P;3440
AMD Phenom II X4 830;3434
Intel Core i3-4100M @ 2.50GHz;3432
Intel Core2 Extreme Q9200 @ 2.40GHz;3415
Intel Core i7-840QM @ 1.87GHz;3412
AMD Phenom II X4 925;3411
Intel Core i5-4210U @ 1.70GHz;3404
Intel Core i5-2450M @ 2.50GHz;3401
Intel Xeon X3230 @ 2.66GHz;3397
Intel Pentium G3420 @ 3.20GHz;3395
Intel Pentium G3430 @ 3.30GHz;3395
AMD Phenom II X4 820;3393
AMD Phenom II X4 920;3389
Intel Core i3-3130M @ 2.60GHz;3389
AMD Phenom II X4 B35;3387
Intel Pentium G2140 @ 3.30GHz;3377
Intel Core i5-4250U @ 1.30GHz;3373
Intel Xeon E5607 @ 2.27GHz;3371
Intel Xeon L5410 @ 2.33GHz;3358
Intel Pentium G3260 @ 3.30GHz;3356
Intel Core i5-655K @ 3.20GHz;3353
AMD Phenom II X4 B40;3352
Intel Core m5-6Y54 @ 1.10GHz;3349
AMD Phenom II X4 B93;3345
Intel Atom C2750 @ 2.41GHz;3344
Intel Xeon X3430 @ 2.40GHz;3344
AMD Athlon II X4 641 Quad-Core;3343
Intel Xeon X3330 @ 2.66GHz;3340
AMD A10-5750M APU;3339
AMD A8-7200P;3338
Intel Core2 Quad Q9400 @ 2.66GHz;3337
Intel Pentium G3440 @ 3.30GHz;3319
Intel Core m3-7Y32 @ 1.10GHz;3318
AMD Athlon II X4 640;3315
Intel Core i5-2515E @ 2.50GHz;3313
Intel Core i5-670 @ 3.47GHz;3309
Intel Xeon X3320 @ 2.50GHz;3306
Intel Core i5-2415M @ 2.30GHz;3303
AMD Phenom II X4 B25;3297
Intel Celeron G4900 @ 3.10GHz;3293
Intel Core i5-2430M @ 2.40GHz;3287
Intel Core i5-4200U @ 1.60GHz;3281
Intel Core2 Quad Q6700 @ 2.66GHz;3278
AMD A8-6500T APU;3276
Intel Core i3-7102E @ 2.10GHz;3266
Intel Xeon E5410 @ 2.33GHz;3261
AMD Opteron 3260 HE;3259
Intel Core i3-4000M @ 2.40GHz;3258
Intel Celeron G4920 @ 3.20GHz;3255
AMD Phenom II X4 910e;3254
AMD A8-8600P;3248
AMD Phenom II X4 910;3247
Intel Core i5-660 @ 3.33GHz;3246
Intel Core2 Quad Q9100 @ 2.26GHz;3242
Intel Pentium G3250 @ 3.20GHz;3241
Intel Core m5-6Y57 @ 1.10GHz;3236
Intel Core i5-2435M @ 2.40GHz;3232
AMD Athlon II X4 635;3231
Intel Core i7-2655LE @ 2.20GHz;3229
Intel Core i5-3337U @ 1.80GHz;3228
Intel Core i3-3120M @ 2.50GHz;3226
Intel Core i7-3689Y @ 1.50GHz;3220
Intel Core i7-820QM @ 1.73GHz;3220
AMD FX-7500 APU;3203
Intel Core i3-4330TE @ 2.40GHz;3201
Intel Pentium G2130 @ 3.20GHz;3200
AMD Athlon II X4 638 Quad-Core;3198
Intel Core i3-5020U @ 2.20GHz;3198
Intel Pentium 4417U @ 2.30GHz;3197
Intel Core i3-6102E @ 1.90GHz;3196
Intel Core i5-661 @ 3.33GHz;3194
Intel Core i7-740QM @ 1.73GHz;3191
AMD Opteron 2378;3179
Intel Xeon X3323 @ 2.50GHz;3177
Intel Pentium 5405U @ 2.30GHz;3175
AMD Athlon X4 640;3172
Intel Core i5-2410M @ 2.30GHz;3172
Intel Xeon X5355 @ 2.66GHz;3170
Intel Pentium G4400T @ 2.90GHz;3167
AMD Opteron 4162 EE;3166
AMD A6-3670 APU;3164
Intel Atom C2758 @ 2.40GHz;3162
Intel Core2 Quad Q8400 @ 2.66GHz;3162
AMD Phenom 9850B Quad-Core;3160
Intel Core i3-2120T @ 2.60GHz;3155
Intel Pentium G3240 @ 3.10GHz;3153
AMD A10 PRO-7350B APU;3152
Intel Core2 Quad Q9300 @ 2.50GHz;3152
Intel Core i7-3517UE @ 1.70GHz;3150
Intel Pentium 4415U @ 2.30GHz;3150
AMD Athlon II X4 631 Quad-Core;3145
AMD A6-3650 APU;3140
Intel Celeron G3900 @ 2.80GHz;3131
AMD Athlon II X4 630;3130
Intel Celeron G3920 @ 2.90GHz;3129
Intel Pentium G3220 @ 3.00GHz;3125
Intel Xeon E5507 @ 2.27GHz;3125
AMD Phenom II X4 810;3120
Intel Xeon E7- 2830 @ 2.13GHz;3118
AMD R-464L APU;3117
AMD A6-7480;3116
AMD A10-4600M APU;3115
AMD A8-3820 APU;3106
Intel Pentium G3440T @ 2.80GHz;3101
Intel Celeron G4900T @ 2.90GHz;3096
Intel Core i5-650 @ 3.20GHz;3095
Intel Core i5-3317U @ 1.70GHz;3091
AMD PRO A6-8570;3088
Intel Xeon X3220 @ 2.40GHz;3088
AMD A10-5757M APU;3084
Intel Core i3-3110M @ 2.40GHz;3082
AMD Phenom II X4 905e;3080
Intel Pentium G2120 @ 3.10GHz;3079
Intel Core i3-6006U @ 2.00GHz;3076
Intel Core i3-2330E @ 2.20GHz;3073
AMD Opteron 2427;3069
AMD Phenom II X3 B77;3067
AMD Opteron 1381;3065
AMD Opteron X2170 APU;3059
Intel Core i3-5010U @ 2.10GHz;3059
Intel Xeon E5606 @ 2.13GHz;3054
Intel Core i3-4120U @ 2.00GHz;3050
Intel Celeron G3950 @ 3.00GHz;3049
Intel Celeron G3930 @ 2.90GHz;3036
AMD A6-8550;3032
AMD A6-9500;3030
Intel Core m3-6Y30 @ 0.90GHz;3025
Intel Pentium 1403 v2 @ 2.60GHz;3018
Intel Xeon L5408 @ 2.13GHz;3014
AMD A8-3800 APU;3010
AMD Phenom 9950 Quad-Core;3009
Intel Core i7-720QM @ 1.60GHz;3008
Intel Pentium G3420T @ 2.70GHz;3008
AMD Phenom 2 X4 12000;3005
AMD A8-5550M APU;3002
AMD Athlon II X4 655;2998
AMD Phenom II X4 805;2998
AMD Phenom 7950 Quad-Core;2991
Intel Core M-5Y71 @ 1.20GHz;2991
AMD Phenom II X3 740;2985
Intel Core i3-2100T @ 2.50GHz;2980
Intel Core2 Quad Q8300 @ 2.50GHz;2979
Intel Xeon X6550 @ 2.00GHz;2977
Intel Core i3-5015U @ 2.10GHz;2976
Intel Xeon E5506 @ 2.13GHz;2975
Intel Core i5-4302Y @ 1.60GHz;2971
AMD PRO A6-8550B;2970
Intel Celeron G3930TE @ 2.70GHz;2970
Intel Pentium G3250T @ 2.80GHz;2969
Intel Pentium G3450T @ 2.90GHz;2967
AMD A8-5557M APU;2956
AMD Opteron 2374 HE;2951
AMD PRO A6-9500;2950
AMD Phenom FX-5200 Quad-Core;2948
Intel Core2 Quad Q6600 @ 2.40GHz;2946
AMD Opteron 3250 HE;2942
AMD Opteron 4122;2942
AMD Opteron 6134;2938
Intel Core i3-560 @ 3.33GHz;2935
Intel Core i5-3439Y @ 1.50GHz;2930
Intel Pentium G3260T @ 2.90GHz;2930
Intel Pentium 4405U @ 2.10GHz;2929
AMD Athlon II X4 620;2928
Intel Celeron G3900T @ 2.60GHz;2925
Six-Core AMD Opteron 2419 EE;2925
AMD Athlon 5370 APU;2915
Intel Core i3-4158U @ 2.00GHz;2914
Intel Core M-5Y70 @ 1.10GHz;2912
Intel Celeron G1850 @ 2.90GHz;2909
AMD A10-4657M APU;2906
AMD Athlon II X4 620e;2906
AMD A10-7300 APU;2904
Intel Pentium Silver J5005 @ 1.50GHz;2904
Intel Core i3-4110U @ 1.90GHz;2902
Intel Core i3-5005U @ 2.00GHz;2902
Intel Core i5-4230U @ 1.90GHz;2902
Intel Core i7-2637M @ 1.70GHz;2900
AMD Athlon II X4 615e;2899
AMD Phenom II X3 B75;2897
AMD Phenom X4 Quad-Core GP-9730;2897
AMD Athlon X4 635;2891
AMD A6-9500E;2889
AMD Phenom 9850 Quad-Core;2886
Intel Xeon E5345 @ 2.33GHz;2886
Intel Pentium G4400TE @ 2.40GHz;2885
AMD Phenom II X4 900e;2882
Intel Pentium G2030 @ 3.00GHz;2867
AMD Athlon II X3 460;2864
AMD Athlon X4 620;2861
Intel Celeron G1840 @ 2.80GHz;2860
Intel Pentium G3240T @ 2.70GHz;2840
Intel Core i3-2310E @ 2.10GHz;2839
Celeron Dual-Core Q8300 @ 2.50GHz;2837
Intel Xeon E5405 @ 2.00GHz;2835
Intel Core i7-2677M @ 1.80GHz;2833
Intel Core M-5Y31 @ 0.90GHz;2832
Intel Core i3-550 @ 3.20GHz;2829
Intel Core i7-640M @ 2.80GHz;2828
AMD PRO A6-8570E;2824
AMD Opteron 2350;2820
Intel Core M-5Y10c @ 0.80GHz;2820
AMD Opteron 2356;2814
Intel Core i7-2617M @ 1.50GHz;2812
Intel Pentium G870 @ 3.10GHz;2812
AMD Phenom 9750 Quad-Core;2811
Intel Core i5-4422E @ 1.80GHz;2806
Intel Core2 Quad Q8200 @ 2.33GHz;2806
AMD A8-7100 APU;2797
AMD A6-3620 APU;2793
AMD Athlon II X4 610e;2793
AMD Phenom II X4 B05e;2792
AMD Opteron 2373 EE;2789
Intel Core i3-4025U @ 1.90GHz;2789
AMD A6-7400K APU;2783
Intel Core i3-2370M @ 2.40GHz;2779
AMD PRO A4-8350B;2776
Intel E3000 @ 3.40GHz;2767
Intel Celeron G3930T @ 2.70GHz;2766
AMD Athlon II X3 455;2765
AMD Opteron 1356;2765
AMD A10-5745M APU;2764
Intel Pentium G2100T @ 2.60GHz;2763
AMD PRO A6-7350B;2759
Intel Xeon L5335 @ 2.00GHz;2756
Intel Pentium G2020 @ 2.90GHz;2753
AMD A8-7410 APU;2751
Intel Celeron G1820 @ 2.70GHz;2749
Intel Pentium 1403 @ 2.60GHz;2742
Intel Xeon X3210 @ 2.13GHz;2740
AMD Phenom II X4 B15e;2736
AMD Phenom II X3 B73;2735
Intel Pentium G860 @ 3.00GHz;2735
AMD A6-7470K;2727
Intel Core i3-4030U @ 1.90GHz;2718
AMD PRO A6-9500E;2717
AMD Athlon II X4 605e;2716
Intel Core i7-620M @ 2.67GHz;2716
AMD Phenom X4 Quad-Core GP-9830;2715
AMD Phenom 9750B Quad-Core;2709
AMD A6-3600 APU;2707
AMD Phenom II X940 Quad-Core;2695
Intel Core i5-2557M @ 1.70GHz;2694
AMD Phenom X4 Quad-Core GP-9930;2690
Intel Core i3-540 @ 3.07GHz;2684
Intel Xeon E5504 @ 2.00GHz;2680
Intel Celeron G3900E @ 2.40GHz;2679
AMD Opteron 3320 EE;2675
AMD A6-7310 APU;2673
AMD Phenom II X3 720;2667
AMD A8-4500M APU;2665
Intel Pentium G850 @ 2.90GHz;2662
AMD A8 PRO-7150B APU;2653
Intel Core M-5Y10 @ 0.80GHz;2653
AMD Phenom II N830 3+1;2652
AMD Phenom II X920 Quad-Core;2650
AMD Phenom II X3 715;2649
Intel Celeron J4105 @ 1.50GHz;2646
AMD Opteron 2380;2640
AMD Phenom 9650 Quad-Core;2635
AMD Opteron 1354;2630
Intel Core i3-2350M @ 2.30GHz;2629
AMD A6 PRO-7400B;2621
AMD Athlon II X3 450;2621
Intel Core i3-2348M @ 2.30GHz;2621
AMD A6-6420B APU;2612
AMD A8-3550MX APU;2610
AMD Athlon 5350 APU;2610
AMD A10-4655M APU;2605
AMD Phenom 9450e Quad-Core;2599
Intel Pentium G2010 @ 2.80GHz;2599
AMD Athlon II X4 6400e;2594
Intel Celeron G3900TE @ 2.30GHz;2591
Intel Pentium G645 @ 2.90GHz;2588
AMD A8-5545M APU;2584
Intel Core i7-2630UM @ 1.60GHz;2584
Intel Core i5-580M @ 2.67GHz;2582
Intel Core i5-560M @ 2.67GHz;2578
Intel Celeron G1620 @ 2.70GHz;2577
AMD A8-6410 APU;2576
AMD Phenom 9600B Quad-Core;2575
AMD Athlon X3 435;2574
AMD Athlon II X3 445;2572
Intel Celeron G1830 @ 2.80GHz;2568
AMD Athlon II X3 440;2567
Intel Core i3-530 @ 2.93GHz;2565
Intel Pentium G3220T @ 2.60GHz;2560
Intel Pentium G840 @ 2.80GHz;2560
Intel Celeron G1840T @ 2.50GHz;2554
Intel Xeon X5270 @ 3.50GHz;2553
Intel Core i3-2328M @ 2.20GHz;2545
AMD Phenom 9550 Quad-Core;2544
Intel Core i7-610E @ 2.53GHz;2544
AMD A9-9430;2540
AMD A9-9410;2539
Intel Atom C3558 @ 2.20GHz;2538
AMD A4-6250J APU;2537
Intel Core i3-2330M @ 2.20GHz;2529
AMD A4-7210 APU;2528
Intel Core2 Quad Q9000 @ 2.00GHz;2525
Intel Pentium G640 @ 2.80GHz;2520
AMD Embedded G-Series GX-420GI Radeon R7E;2519
AMD Phenom FX-5000 Quad-Core;2517
AMD PRO A6-8500B;2516
AMD Phenom II N970 Quad-Core;2515
Intel Xeon E5335 @ 2.00GHz;2513
Intel Core M-5Y51 @ 1.10GHz;2508
Intel Pentium 3825U @ 1.90GHz;2508
Intel Core i3-4030Y @ 1.60GHz;2507
AMD Athlon X4 605e;2505
Intel Core i5-4300Y @ 1.60GHz;2502
Pentium Dual-Core E6000 @ 3.46GHz;2501
AMD A9-9425;2496
Intel Celeron G1820T @ 2.40GHz;2495
Intel Celeron G1630 @ 2.80GHz;2493
AMD GX-424CC SOC;2491
Intel Celeron G1610 @ 2.60GHz;2488
Intel Pentium G2030T @ 2.60GHz;2488
Intel Core i5 E 520 @ 2.40GHz;2486
AMD Phenom II N950 Quad-Core;2483
Intel Core i7-2610UE @ 1.50GHz;2481
AMD Athlon II X3 435;2471
AMD A6-6310 APU;2470
Intel Core i3-3227U @ 1.90GHz;2468
AMD Athlon II X4 600e;2465
Intel Pentium Silver N5000 @ 1.10GHz;2457
Intel Atom C3538 @ 2.10GHz;2455
Intel Xeon X5260 @ 3.33GHz;2455
Intel Core i5-540M @ 2.53GHz;2453
AMD Opteron 2354;2450
AMD Phenom II X3 710;2448
Intel Core i3-4005U @ 1.70GHz;2446
Intel Core i3-4010U @ 1.70GHz;2442
AMD A6-5200 APU;2436
Intel Core i3-2310M @ 2.10GHz;2432
Intel Xeon E3113 @ 3.00GHz;2427
Intel Xeon E5240 @ 3.00GHz;2424
Intel Celeron G555 @ 2.70GHz;2422
Intel Pentium G2020T @ 2.50GHz;2418
Intel Xeon E7320 @ 2.13GHz;2413
AMD GX-420CA SOC;2412
AMD A8-3510MX APU;2410
AMD Embedded R-Series RX-216GD;2409
AMD A4 PRO-3340B;2402
AMD Athlon X3 455;2401
Intel Core i5-4200Y @ 1.40GHz;2399
Intel Core i5-480M @ 2.67GHz;2398
Intel Core2 Duo E8600 @ 3.33GHz;2398
Intel Pentium 2030M @ 2.50GHz;2398
Intel Xeon X5272 @ 3.40GHz;2394
Intel Pentium G3320TE @ 2.30GHz;2389
AMD A6-6420K APU;2388
AMD PRO A6-8530B;2388
Intel Core M-5Y10a @ 0.80GHz;2387
Intel Core i3-2332M @ 2.20GHz;2382
AMD Phenom II X4 8700e;2377
Intel Core i5-4210Y @ 1.50GHz;2375
Intel Core i3-2312M @ 2.10GHz;2374
Intel Pentium G630 @ 2.70GHz;2371
Intel Celeron 3965U @ 2.20GHz;2369
Intel Core i5-520M @ 2.40GHz;2367
Intel Celeron 2000E @ 2.20GHz;2365
Intel Xeon E5603 @ 1.60GHz;2364
Intel Celeron G1620T @ 2.40GHz;2362
AMD A8-3530MX APU;2354
AMD A4 PRO-7300B APU;2353
Intel Core2 Duo E8290 @ 2.83GHz;2353
AMD A9-9420;2339
AMD A4-6320 APU;2329
AMD Phenom 9350e Quad-Core;2320
Intel Core i5-2467M @ 1.60GHz;2319
Intel Core i5-460M @ 2.53GHz;2319
AMD Opteron 1352;2316
AMD Athlon II X3 425;2315
AMD Athlon X3 445;2314
AMD A6-6400K APU;2313
AMD A4-7300 APU;2312
Intel Celeron 2970M @ 2.20GHz;2312
Intel Core i5-4220Y @ 1.60GHz;2307
AMD A9-9400;2306
Intel Core i3-3217U @ 1.80GHz;2305
AMD Athlon X2 280;2303
AMD Phenom 9600 Quad-Core;2303
AMD Opteron X3216 APU;2292
AMD E2-7110 APU;2291
Intel Celeron G550 @ 2.60GHz;2290
Intel Xeon E5320 @ 1.86GHz;2288
Intel Pentium G620 @ 2.60GHz;2286
AMD Athlon II X3 420e;2285
AMD Opteron 2376;2283
AMD A6-6400B APU;2281
Intel Core2 Duo E8500 @ 3.16GHz;2281
AMD Phenom II N930 Quad-Core;2274
AMD PRO A4-3350B APU;2274
Intel Xeon L5310 @ 1.60GHz;2274
Intel Pentium 2020M @ 2.40GHz;2273
Intel Xeon L3110 @ 3.00GHz;2273
Intel Xeon L5240 @ 3.00GHz;2271
Intel Pentium 3560M @ 2.40GHz;2269
Intel Pentium J4205 @ 1.50GHz;2269
Intel Core i5-4202Y @ 1.60GHz;2262
Intel Pentium 3550M @ 2.30GHz;2262
Intel Celeron N4100 @ 1.10GHz;2257
Intel Pentium G645T @ 2.50GHz;2257
Intel Celeron G1610T @ 2.30GHz;2256
AMD Opteron 8354;2255
AMD Athlon X2 370K Dual Core;2251
AMD Athlon II X3 415e;2247
Intel Core i7-640LM @ 2.13GHz;2247
AMD Opteron 2393 SE;2246
Intel Core i5-520 @ 2.40GHz;2244
AMD Phenom II X3 700e;2242
Intel Xeon E3120 @ 3.16GHz;2241
AMD Athlon II X3 425e;2239
AMD A6-5400B APU;2237
AMD Phenom X4 Quad-Core GP-9600;2235
Intel Celeron 1020E @ 2.20GHz;2232
AMD A4 PRO-7350B;2227
AMD Phenom II X3 705e;2227
AMD A4-6300 APU;2225
AMD Phenom II X2 565;2225
Intel Pentium 4415Y @ 1.60GHz;2222
Intel Core i5-3339Y @ 1.50GHz;2215
Intel Core i3-4020Y @ 1.50GHz;2214
Intel Xeon E5310 @ 1.60GHz;2214
Intel Core2 Duo E8700 @ 3.50GHz;2212
AMD Phenom X2 Dual-Core GE-5560;2206
AMD Phenom 9500 Quad-Core;2203
AMD A6-8500P;2202
AMD A6-3430MX APU;2200
Intel Celeron G540 @ 2.50GHz;2197
Intel Core i5 750S @ 2.40GHz;2197
AMD Athlon X3 425;2191
AMD Phenom II X620 Dual-Core;2189
HP Hexa-Core 2.0GHz;2178
AMD A4-6210 APU;2170
AMD A8-3520M APU;2169
Intel Atom C2558 @ 2.40GHz;2169
Intel Core i3-390M @ 2.67GHz;2165
Intel Core i3-3217UE @ 1.60GHz;2162
AMD A6-5400K APU;2160
AMD A6-9220;2160
AMD A4-6300B APU;2159
Intel Xeon E3110 @ 3.00GHz;2159
Intel Core i3-4012Y @ 1.50GHz;2157
AMD A4-5300B APU;2149
Intel Core2 Duo E8400 @ 3.00GHz;2148
Intel Atom C2550 @ 2.40GHz;2141
Intel Core2 Duo T9900 @ 3.06GHz;2137
Intel Pentium G6951 @ 2.80GHz;2135
Intel Xeon L5320 @ 1.86GHz;2135
Intel Core i5-450M @ 2.40GHz;2133
Intel Celeron G1820TE @ 2.20GHz;2132
AMD Athlon II X2 280;2128
Intel Celeron G530 @ 2.40GHz;2128
Intel Core2 Duo E8335 @ 2.93GHz;2128
AMD A4-5050 APU;2124
AMD A6-9225;2124
AMD Phenom II X2 B59;2124
AMD A8-4555M APU;2123
AMD Phenom 9150e Quad-Core;2114
Intel Celeron G540T @ 2.10GHz;2114
Intel Celeron J3455 @ 1.50GHz;2112
AMD Sempron 240;2110
AMD Athlon 5150 APU;2107
AMD Phenom II X2 511;2104
AMD A6-9230;2102
Intel Core i3-380M @ 2.53GHz;2093
Intel Core i5-430M @ 2.27GHz;2093
Intel Pentium G630T @ 2.30GHz;2089
AMD Embedded G-Series GX-224IJ Radeon R4E;2088
AMD Phenom II P960 Quad-Core;2086
AMD Athlon II X2 B28;2085
Intel Atom C2538 @ 2.40GHz;2085
AMD Phenom 8850B Triple-Core;2080
AMD Athlon X3 440;2078
AMD PRO A6-9500B;2076
Intel Core2 Extreme X9100 @ 3.06GHz;2076
AMD Phenom II X2 521;2071
Intel Xeon E3-1220L v3 @ 1.10GHz;2070
ZHAOXIN KaiXian ZX-C+ C4700@2.0GHz;2069
AMD Phenom II X2 570;2068
Intel Core2 Duo E8435 @ 3.06GHz;2068
Intel Core i5-2537M @ 1.40GHz;2064
AMD Phenom II X2 560;2062
AMD A4-5100 APU;2060
Intel Pentium 4405Y @ 1.50GHz;2059
Intel Pentium G6960 @ 2.93GHz;2059
AMD A6-3410MX APU;2058
AMD Phenom 8750 Triple-Core;2058
Intel Pentium 4410Y @ 1.50GHz;2050
AMD Phenom II X2 555;2042
Intel Atom T5700 @ 1.70GHz;2039
Intel Pentium N4200 @ 1.10GHz;2036
AMD Phenom 8750B Triple-Core;2034
Intel Pentium G620T @ 2.20GHz;2033
Intel Celeron G550T @ 2.20GHz;2032
AMD A6-3500 APU;2029
AMD Phenom 8450e Triple-Core;2026
Intel Pentium B980 @ 2.40GHz;2024
AMD Phenom II X2 550;2023
AMD Phenom II X640 Dual-Core;2021
AMD A4-5300 APU;2019
Intel Core i3-370M @ 2.40GHz;2015
Intel Core2 Duo P9700 @ 2.80GHz;2015
AMD A4-9125;2011
AMD Athlon II X3 400e;2009
AMD R-272F APU;2007
AMD A6-3420M APU;2004
Intel Core2 Duo T9800 @ 2.93GHz;2003
AMD Athlon II X3 405e;2000
AMD Phenom II N870 Triple-Core;2000
AMD Phenom X4 Quad-Core GP-9530;1994
Intel Core2 Duo E8300 @ 2.83GHz;1987
AMD Phenom 8650 Triple-Core;1986
AMD A8-3500M APU;1984
Intel Celeron 2950M @ 2.00GHz;1984
Intel Pentium G640T @ 2.40GHz;1979
Intel Celeron 4205U @ 1.80GHz;1977
AMD Athlon II X2 270;1975
Intel Pentium E6800 @ 3.33GHz;1974
Intel Pentium J2900 @ 2.41GHz;1973
AMD A10 Micro-6700T APU;1970
AMD GX-415GA SOC;1969
Intel Core i7-610 @ 2.53GHz;1969
AMD Phenom 8850 Triple-Core;1968
Intel Pentium 3805U @ 1.90GHz;1965
AMD A6-9220C;1962
Intel Core2 Duo E7600 @ 3.06GHz;1959
Intel Xeon 5160 @ 3.00GHz;1956
Intel Core2 Duo E8235 @ 2.80GHz;1955
AMD R-460L APU;1954
Intel Core i7-620LM @ 2.00GHz;1954
AMD A6-5357M APU;1953
Intel Pentium B970 @ 2.30GHz;1953
Intel Celeron 3765U @ 1.90GHz;1948
AMD A4-9120;1947
Intel Core2 Duo E6850 @ 3.00GHz;1946
Intel Celeron 3955U @ 2.00GHz;1943
AMD Athlon II X2 250e;1939
Intel Core i3-330E @ 2.13GHz;1935
AMD Phenom II N850 Triple-Core;1934
Intel Pentium N3540 @ 2.16GHz;1933
AMD Athlon X2 340 Dual Core;1932
Intel Pentium E6700 @ 3.20GHz;1932
AMD Phenom X3 8550;1931
Intel Core2 Duo T9600 @ 2.80GHz;1927
AMD Phenom II X2 B55;1926
AMD Phenom 8600B Triple-Core;1924
AMD E2-6110 APU;1919
AMD Opteron 2224 SE;1919
AMD A4-5000 APU;1918
AMD Phenom II X2 545;1918
Intel Celeron 3865U @ 1.80GHz;1918
Intel Pentium J3710 @ 1.60GHz;1913
Intel Pentium N3530 @ 2.16GHz;1911
AMD A4-4020 APU;1909
AMD A6-5350M APU;1906
AMD Athlon II X2 B26;1906
Intel Xeon @ 2.20GHz;1902
Intel Core i3-4010Y @ 1.30GHz;1900
VIA QuadCore C4650@2.0GHz;1897
Intel Atom x7-Z8750 @ 1.60GHz;1894
Intel Core2 Extreme X9000 @ 2.80GHz;1894
AMD Athlon II X2 265;1892
Intel Core i3-350M @ 2.27GHz;1891
AMD Phenom II N830 Triple-Core;1890
Intel Atom x7-Z8700 @ 1.60GHz;1890
AMD A6-3400M APU;1888
AMD Phenom 8450 Triple-Core;1888
Intel Pentium E5800 @ 3.20GHz;1887
Intel Core2 Duo E8200 @ 2.66GHz;1882
AMD Athlon II X2 260;1877
Intel Core2 Extreme X6800 @ 2.93GHz;1875
Intel Core2 Duo E7500 @ 2.93GHz;1873
AMD Phenom II P920 Quad-Core;1872
Intel Atom E3940 @ 1.60GHz;1867
Intel Core2 Duo P9600 @ 2.66GHz;1866
AMD A4-5150M APU;1864
Intel Atom E3950 @ 1.60GHz;1864
Intel Pentium N3710 @ 1.60GHz;1864
Intel Pentium E6600 @ 3.06GHz;1861
Intel Pentium G6950 @ 2.80GHz;1855
Intel Celeron 3867U @ 1.80GHz;1852
Intel Celeron J1900 @ 1.99GHz;1852
Intel Pentium B960 @ 2.20GHz;1852
Intel Celeron N3450 @ 1.10GHz;1849
Intel Core2 Duo E8335 @ 2.66GHz;1846
AMD Phenom II N660 Dual-Core;1844
Intel Xeon W3505 @ 2.53GHz;1844
AMD Opteron 2222;1843
AMD Athlon II X2 255;1842
Intel Xeon 3075 @ 2.66GHz;1840
Intel Pentium J2850 @ 2.41GHz;1839
Intel Atom x5-Z8550 @ 1.44GHz;1835
Intel Pentium N3700 @ 1.60GHz;1835
AMD A6 Micro-6500T APU;1834
AMD Phenom 9100e Quad-Core;1833
AMD A4-4000 APU;1832
AMD Phenom II P940 Quad-Core;1831
Intel Core i3-2377M @ 1.50GHz;1828
AMD A8-7050;1824
AMD Phenom II X2 B57;1823
Intel Xeon L5238 @ 2.66GHz;1823
Intel Pentium 2127U @ 1.90GHz;1821
Intel Celeron 1005M @ 1.90GHz;1808
AMD Athlon X2 235e;1806
Intel Pentium N3520 @ 2.16GHz;1806
Intel Atom Z3795 @ 1.60GHz;1804
Intel Core2 Duo T9550 @ 2.66GHz;1803
Intel Core2 Extreme X7800 @ 2.60GHz;1802
Intel Celeron J3160 @ 1.60GHz;1798
AMD Athlon 64 FX-72;1794
Intel Core2 Duo T9500 @ 2.60GHz;1793
AMD Athlon 64 X2 Dual Core 6400+;1784
Intel Core i3-330M @ 2.13GHz;1784
Intel Xeon 3070 @ 2.66GHz;1784
AMD Athlon II X2 B24;1781
AMD A9-9420e;1779
Intel Core i3-2375M @ 1.50GHz;1773
Intel Core2 Duo E7400 @ 2.80GHz;1770
Intel Pentium E6500 @ 2.93GHz;1765
AMD A6-9210;1764
AMD Embedded G-Series GX-215JJ Radeon R2E;1764
Intel Core2 Duo E8135 @ 2.66GHz;1761
AMD Opteron 1222;1757
AMD Phenom X4 Quad-Core GP-9500;1757
Intel Xeon W3503 @ 2.40GHz;1757
AMD Phenom II P860 Triple-Core;1756
Intel Core2 Duo P9600 @ 2.53GHz;1754
AMD Phenom X2 Dual-Core GE-7060;1752
Intel Core2 Duo P9500 @ 2.53GHz;1748
AMD A6-9200;1747
Intel Core i7-660UM @ 1.33GHz;1745
AMD Athlon II X2 250;1740
Intel Xeon 5150 @ 2.66GHz;1740
Intel Core2 Duo P8800 @ 2.66GHz;1739
Intel Pentium E5700 @ 3.00GHz;1738
Intel Core2 Duo T9400 @ 2.53GHz;1737
Intel Celeron 1037U @ 1.80GHz;1735
Intel Core2 Duo E7300 @ 2.66GHz;1727
Intel Pentium B940 @ 2.00GHz;1727
Intel Celeron N2940 @ 1.83GHz;1722
AMD Phenom II N640 Dual-Core;1721
Intel Celeron B840 @ 1.90GHz;1719
Intel Core i3-2340UE @ 1.30GHz;1719
AMD Sempron 3850 APU;1718
Intel Celeron G530T @ 2.00GHz;1717
AMD Athlon II X2 B22;1715
Intel Pentium B950 @ 2.10GHz;1715
AMD Phenom II P840 Triple-Core;1713
Intel Core2 Duo E6750 @ 2.66GHz;1712
AMD Athlon 7850 Dual-Core;1710
Intel Core i7-680UM @ 1.47GHz;1710
AMD Athlon II X2 245e;1709
AMD Phenom II X2 B53;1709
Intel Core i3-2367M @ 1.40GHz;1708
Intel Pentium E6300 @ 2.80GHz;1705
Intel Celeron U1900 @ 1.99GHz;1704
Intel Celeron 3755U @ 1.70GHz;1702
AMD Opteron 2220;1701
AMD Athlon II X2 240e;1700
Intel Core i3-3229Y @ 1.40GHz;1700
AMD Phenom X2 Dual-Core GE-4060;1697
AMD Athlon X2 250;1696
Intel Atom x5-Z8500 @ 1.44GHz;1696
Intel Core2 Duo E6700 @ 2.66GHz;1693
Intel Core2 Extreme X7900 @ 2.80GHz;1688
Intel Core2 Duo X7360 @ 2.53GHz;1687
AMD Phenom II N620 Dual-Core;1686
Intel Celeron 3855U @ 1.60GHz;1685
Intel Core i3-2365M @ 1.40GHz;1682
Intel Core2 Duo SP9400 @ 2.40GHz;1675
Intel Core2 Duo T9300 @ 2.50GHz;1674
AMD Phenom 8600 Triple-Core;1673
Intel Celeron 1000M @ 1.80GHz;1672
Intel Pentium 3558U @ 1.70GHz;1672
AMD Athlon X2 240e;1670
AMD Turion II Ultra Dual-Core Mobile M640;1670
Intel Core i5-560UM @ 1.33GHz;1669
Intel Pentium 3556U @ 1.70GHz;1669
AMD Phenom 8250 Triple-Core;1668
AMD A6-7000 ;1667
Intel Celeron G1101 @ 2.27GHz;1667
Intel Celeron N3150 @ 1.60GHz;1666
Intel Celeron N3160 @ 1.60GHz;1666
AMD A4-3420 APU;1664
AMD QC-4000;1663
AMD Athlon II X2 245;1662
AMD Opteron 1220;1661
Intel Celeron N2930 @ 1.83GHz;1658
AMD Athlon II X2 235e;1657
Intel Pentium 2117U @ 1.80GHz;1656
Intel Celeron 3215U @ 1.70GHz;1652
AMD E2-9000;1646
AMD A6-4400M APU;1645
AMD E2-3800 APU;1645
AMD Athlon II X2 240;1643
Intel Core i7-640UM @ 1.20GHz;1638
Intel Pentium E5500 @ 2.80GHz;1636
Intel Xeon 5140 @ 2.33GHz;1636
AMD Athlon II X2 220;1635
AMD Phenom 8250e Triple-Core;1635
AMD Athlon II X2 4400e;1632
AMD Phenom 8400 Triple-Core;1632
AMD A6-9220e;1629
AMD E2-9010;1629
AMD Athlon X2 255;1627
Intel Core2 Duo E7200 @ 2.53GHz;1624
Intel Core2 Duo P8700 @ 2.53GHz;1623
Intel Celeron J1850 @ 1.99GHz;1617
AMD A6 PRO-7050B APU;1616
AMD A4-4300M APU;1614
Athlon 64 Dual Core 5400+;1614
AMD Athlon X2 240;1611
Intel Celeron 3965Y @ 1.50GHz;1607
Intel Celeron 2002E @ 1.50GHz;1605
Intel Pentium A1018 @ 2.10GHz;1605
AMD Athlon 64 X2 Dual Core 6000+;1603
AMD Phenom II P820 Triple-Core;1602
Intel Xeon 5133 @ 2.20GHz;1598
Intel Core2 Duo T7800 @ 2.60GHz;1597
Intel Pentium E5400 @ 2.70GHz;1597
AMD Opteron 2218;1594
AMD A4-3400 APU;1593
Intel Celeron 2980U @ 1.60GHz;1593
Intel Xeon 5148 @ 2.33GHz;1590
AMD Phenom II P650 Dual-Core;1579
Intel Atom x5-E8000 @ 1.04GHz;1578
AMD R-260H APU;1576
AMD Athlon 64 FX-62 Dual Core;1573
AMD Athlon 7750 Dual-Core;1571
Intel Xeon 3085 @ 3.00GHz;1570
AMD Athlon II X2 215;1567
AMD Turion II N530 Dual-Core;1567
Intel Core2 Duo P9300 @ 2.26GHz;1564
AMD Athlon II N370 Dual-Core;1559
Intel Core i3-2357M @ 1.30GHz;1556
Intel Core2 Duo E6600 @ 2.40GHz;1554
Intel Celeron J4005 @ 2.00GHz;1551
Athlon 64 Dual Core 5600+;1548
AMD A4 Micro-6400T APU;1544
AMD Athlon X2 215;1543
Intel Pentium E5300 @ 2.60GHz;1540
AMD A4-9120C;1539
AMD A6-1450 APU;1539
Intel Core2 Duo P8600 @ 2.40GHz;1537
AMD Sempron X2 190;1534
AMD Turion II Ultra Dual-Core Mobile M660;1533
AMD Athlon II X2 225;1526
AMD Turion II N550 Dual-Core;1521
Intel Xeon 3065 @ 2.33GHz;1520
Intel Pentium N3510 @ 1.99GHz;1519
AMD Opteron 2216;1518
Intel Core2 Duo P7550 @ 2.26GHz;1518
Intel Xeon 3060 @ 2.40GHz;1518
AMD Athlon 64 X2 Dual Core 5800+;1516
AMD E2-9030;1515
AMD Turion II P560 Dual-Core;1515
Intel Celeron N2920 @ 1.86GHz;1514
Intel Celeron B830 @ 1.80GHz;1512
Athlon 64 Dual Core 5000+;1507
AMD Athlon II X2 4450e;1504
Intel Atom E3845 @ 1.91GHz;1504
Intel Celeron 1017U @ 1.60GHz;1503
Intel Celeron 3205U @ 1.50GHz;1503
AMD A4-3300 APU;1502
AMD PRO A4-4350B;1502
AMD GX-412HC;1497
Intel Core2 Duo E6550 @ 2.33GHz;1497
AMD Athlon 64 FX-74;1495
Intel Core2 Duo E8135 @ 2.40GHz;1490
AMD Athlon II X2 210e;1486
Intel Pentium E5200 @ 2.50GHz;1486
AMD Athlon 64 X2 Dual Core 5600+;1485
AMD Athlon II X2 4300e;1483
Intel Core2 Duo E4700 @ 2.60GHz;1481
AMD A6-5345M APU;1476
AMD Athlon 7550 Dual-Core;1472
Intel Core2 Duo T8300 @ 2.40GHz;1471
AMD Opteron 285;1470
AMD Opteron 1218;1468
AMD Opteron 290;1464
Intel Core2 Duo P7570 @ 2.26GHz;1455
AMD TurionX2 Ultra DualCore Mobile ZM-85;1454
Intel Celeron E3500 @ 2.70GHz;1454
Intel Core2 Duo P8400 @ 2.26GHz;1453
Intel Core2 Duo E6540 @ 2.33GHz;1451
AMD Athlon 64 X2 Dual Core 5400+;1450
AMD Athlon 7450 Dual-Core;1449
AMD Opteron 1218 HE;1444
Intel Celeron E3400 @ 2.60GHz;1440
AMD Phenom X2 Dual-Core GP-7730;1435
AMD Turion II Ultra Dual-Core Mobile M620;1435
Intel Celeron 2957U @ 1.40GHz;1433
AMD Turion II P540 Dual-Core;1432
Intel Celeron N4000 @ 1.10GHz;1432
Intel Celeron B820 @ 1.70GHz;1431
Intel Core2 Duo T7700 @ 2.40GHz;1425
AMD Athlon X2 440;1424
AMD Athlon Dual Core 5400B;1420
Intel Core2 Duo P7450 @ 2.13GHz;1416
AMD Opteron 2214 HE;1415
AMD Sempron X2 198 Dual-Core;1413
Intel Celeron 2955U @ 1.40GHz;1413
AMD Turion II Ultra Dual-Core Mobile M600;1406
Intel Xeon E5205 @ 1.86GHz;1401
AMD Opteron 2220 SE;1398
Intel Celeron B810 @ 1.60GHz;1395
Intel Pentium 997 @ 1.60GHz;1395
AMD Athlon Dual Core 4850B;1391
AMD Sempron X2 180;1391
Intel Celeron 1007U @ 1.50GHz;1390
Intel Celeron E3300 @ 2.50GHz;1389
Intel Core2 Duo E4600 @ 2.40GHz;1383
Intel Celeron E3200 @ 2.40GHz;1382
AMD Athlon 64 X2 Dual Core 5200+;1381
AMD E2-3200 APU;1381
Intel Xeon E5503 @ 2.00GHz;1381
Intel Xeon E5502 @ 1.87GHz;1378
Intel Core2 Duo T7600 @ 2.33GHz;1377
Intel Core i5-540UM @ 1.20GHz;1375
Intel Pentium P6300 @ 2.27GHz;1372
Athlon 64 Dual Core 4800+;1370
Intel Xeon 5130 @ 2.00GHz;1366
Intel Celeron 2981U @ 1.60GHz;1364
Intel Celeron B815 @ 1.60GHz;1364
AMD Turion II Neo N54L Dual-Core;1363
VIA QuadCore L4700 @ 1.2+ GHz;1363
AMD Turion II P520 Dual-Core;1360
Intel Core2 Duo T6670 @ 2.20GHz;1360
Intel Core2 Duo E6420 @ 2.13GHz;1359
AMD Opteron 2214;1358
Intel Core2 Duo T6600 @ 2.20GHz;1358
Intel Pentium P6200 @ 2.13GHz;1349
Intel Core i5-520UM @ 1.07GHz;1348
Athlon Dual Core 4850e;1346
Intel Core2 Duo L9600 @ 2.13GHz;1346
AMD Athlon Dual Core 5050e;1345
AMD Opteron 185;1342
Intel Core i5-430UM @ 1.20GHz;1341
AMD Turion II Dual-Core Mobile M540;1338
Intel Xeon L3406 @ 2.27GHz;1338
Intel Pentium T4500 @ 2.30GHz;1332
Intel Core2 Extreme X7850 @ 2.80GHz;1331
Intel Pentium E2220 @ 2.40GHz;1330
Intel Celeron P4600 @ 2.00GHz;1328
Intel Pentium P6100 @ 2.00GHz;1327
AMD E2-9000e;1324
Intel Core i7-620UM @ 1.07GHz;1323
AMD Athlon II P360 Dual-Core;1318
AMD Athlon Dual Core 5200B;1316
AMD Athlon Dual Core 4850e;1315
AMD Athlon 64 X2 Dual Core 5000+;1313
AMD Opteron 1216;1311
Intel Core2 Duo P7370 @ 2.00GHz;1311
AMD Athlon Dual Core 5000B;1308
AMD Opteron 1212 HE;1308
AMD Turion II Dual-Core Mobile M520;1306
AMD Athlon Dual Core 5600B;1304
Intel Xeon 3050 @ 2.13GHz;1300
AMD Opteron 1214 HE;1299
Intel Celeron G470 @ 2.00GHz;1298
Intel Core2 Duo T8100 @ 2.10GHz;1297
AMD Turion X2 Ultra Dual-Core Mobile ZM-86;1295
AMD Turion II Dual-Core Mobile M500;1293
AMD Athlon 5000 Dual-Core;1292
AMD Opteron 275;1291
Intel Celeron 877 @ 1.40GHz;1291
Intel Core2 Duo P7350 @ 2.00GHz;1289
Intel Core2 Duo E6400 @ 2.13GHz;1288
AMD A6-4455M APU;1287
AMD A4-3310MX APU;1286
AMD Athlon 64 X2 4200+;1285
AMD Athlon II X2 270u;1285
Intel Core2 Duo T6500 @ 2.10GHz;1284
AMD Athlon 64 FX-60 Dual Core;1282
Intel Pentium T4400 @ 2.20GHz;1281
Intel Atom Z3775D @ 1.49GHz;1278
Intel Xeon 3040 @ 1.86GHz;1278
Intel Celeron B800 @ 1.50GHz;1277
Intel Atom Z3775 @ 1.46GHz;1276
Intel Celeron 887 @ 1.50GHz;1276
Intel Atom x5-Z8350 @ 1.44GHz;1275
Celeron Dual-Core T3500 @ 2.10GHz;1274
Intel Core2 Duo E4500 @ 2.20GHz;1271
Intel Core2 Duo T7500 @ 2.20GHz;1271
AMD Opteron 2212;1270
AMD Athlon 5200 Dual-Core;1266
Intel Pentium 3560Y @ 1.20GHz;1266
VIA Eden X4 C4250 @ 1.2+GHz;1262
Intel Core2 Duo T6570 @ 2.10GHz;1257
AMD GX-222GC SOC;1255
Intel Celeron E1600 @ 2.40GHz;1255
AMD A4-3320M APU;1253
AMD Athlon 64 X2 Dual Core 4800+;1253
Intel Atom Z3770 @ 1.46GHz;1252
AMD Athlon II P340 Dual-Core;1251
AMD Athlon X2 Dual Core BE-2450;1251
Intel Core2 Duo SL9400 @ 1.86GHz;1251
Intel Core2 Duo T7400 @ 2.16GHz;1250
AMD Athlon II N350 Dual-Core;1249
Intel Xeon 5120 @ 1.86GHz;1248
Intel Pentium P6000 @ 1.87GHz;1243
AMD Opteron 180;1236
AMD Turion X2 Ultra Dual-Core Mobile ZM-85;1234
Athlon 64 Dual Core 3800+;1234
Intel Pentium T4300 @ 2.10GHz;1231
AMD A4-3305M APU;1227
Intel Core2 Duo T6400 @ 2.00GHz;1226
Intel Pentium 987 @ 1.50GHz;1223
AMD Athlon 64 X2 Dual Core 4600+;1219
AMD A4-3330MX APU;1218
AMD Athlon II P320 Dual-Core;1216
AMD Athlon X2 Dual Core BE-2400;1213
AMD Phenom X4 Quad-Core GS-5560;1211
Intel Core2 Duo T5900 @ 2.20GHz;1211
AMD Turion X2 Ultra Dual-Core Mobile ZM-84;1209
AMD GX-218GL SOC;1207
Dual-Core AMD Opteron 1220 SE;1206
Intel Core2 Duo T5850 @ 2.16GHz;1206
AMD Turion X2 Ultra Dual-Core Mobile ZM-87;1205
Athlon Dual Core 4450e;1204
Intel Celeron N2910 @ 1.60GHz;1203
Intel Pentium E2200 @ 2.20GHz;1202
Celeron Dual-Core T3300 @ 2.00GHz;1200
Intel Core2 Duo T7300 @ 2.00GHz;1194
AMD Opteron 1214;1191
Intel Atom x5-Z8300 @ 1.44GHz;1191
Intel Celeron 1047UE @ 1.40GHz;1188
AMD A4-3300M APU;1186
AMD Turion II Neo K685 Dual-Core;1186
Intel Core2 Duo E6320 @ 1.86GHz;1185
AMD Phenom X2 Dual-Core GP-5000;1180
AMD A4-4355M APU;1177
AMD Opteron 280;1176
Celeron Dual-Core T3100 @ 1.90GHz;1174
Intel Pentium E2210 @ 2.20GHz;1174
Intel Celeron 867 @ 1.30GHz;1173
VIA QuadCore U4650 @ 1.0+ GHz;1173
AMD Opteron 1216 HE;1172
AMD Opteron 270;1170
AMD Athlon Dual Core 4450B;1168
Intel Celeron E1500 @ 2.20GHz;1168
Intel Core2 Duo T7200 @ 2.00GHz;1168
AMD Opteron 175;1167
AMD Turion 64 X2 Mobile TL-68;1162
Intel Atom E3840 @ 1.91GHz;1162
Intel Core i3-380UM @ 1.33GHz;1159
Intel Core2 Duo E4400 @ 2.00GHz;1157
Athlon 64 Dual Core 4200+;1156
Intel Celeron J3355 @ 2.00GHz;1155
AMD Athlon II N330 Dual-Core;1154
Intel Pentium T4200 @ 2.00GHz;1151
AMD Turion X2 Dual-Core Mobile RM-77;1149
Intel Core2 Duo T5870 @ 2.00GHz;1149
Intel Pentium 977 @ 1.40GHz;1148
Intel Celeron 857 @ 1.20GHz;1146
AMD Athlon 64 X2 Dual Core 4400+;1145
AMD Athlon II Dual-Core M320;1141
AMD Turion 64 X2 Mobile TL-66;1141
AMD E2-3000 APU;1140
Intel Pentium 967 @ 1.30GHz;1139
Intel Core2 Duo U9600 @ 1.60GHz;1129
AMD Turion X2 Dual-Core Mobile RM-75;1120
Intel Celeron P4500 @ 1.87GHz;1116
Intel Core2 Duo L7800 @ 2.00GHz;1116
Intel Pentium T3400 @ 2.16GHz;1115
Intel Core2 Duo T5800 @ 2.00GHz;1114
Intel Core2 Duo T7250 @ 2.00GHz;1114
Intel Celeron N3350 @ 1.10GHz;1113
AMD Athlon II Dual-Core M300;1112
Intel Celeron 2961Y @ 1.10GHz;1110
AMD Athlon X2 Dual Core BE-2350;1109
AMD Athlon Dual Core 4450e;1108
AMD Athlon64 X2 Dual Core 4600+;1108
Intel Core2 Duo E6300 @ 1.86GHz;1108
AMD Athlon II X2 260u;1107
AMD GX-217GA SOC;1107
AMD Athlon 64 X2 Dual Core 4200+;1097
AMD Opteron 170;1097
AMD Athlon 64 X2 Dual Core BE-230;1095
Intel Pentium 957 @ 1.20GHz;1095
Intel Core2 Duo T5750 @ 2.00GHz;1094
AMD E2-3000M APU;1092
AMD Turion 64 X2 Mobile TL-62;1092
AMD Turion 64 X2 Mobile TL-64;1090
Intel Pentium E2180 @ 2.00GHz;1088
AMD Athlon Dual Core 4050e;1086
Celeron Dual-Core T3000 @ 1.80GHz;1085
AMD Turion X2 Dual-Core Mobile RM-72;1084
AMD Turion X2 Ultra Dual-Core Mobile ZM-82;1084
Intel Xeon 5110 @ 1.60GHz;1084
AMD Athlon 64 X2 Dual Core BE-2300;1082
AMD Sempron Dual Core 4900;1081
Intel Core2 Duo L9300 @ 1.60GHz;1081
Intel Atom Z3745 @ 1.33GHz;1079
Intel Core i5-470UM @ 1.33GHz;1079
Intel Core i3-330UM @ 1.20GHz;1075
Intel Atom Z3740 @ 1.33GHz;1068
Intel Celeron G465 @ 1.90GHz;1064
AMD Turion X2 Dual-Core Mobile RM-74;1062
Intel Pentium 2129Y @ 1.10GHz;1062
AMD Turion X2 Dual Core Mobile RM-76;1059
Intel Celeron T1700 @ 1.83GHz;1058
AMD Athlon II Dual-Core M340;1056
Intel Celeron E1400 @ 2.00GHz;1053
Intel Core2 Duo E4300 @ 1.80GHz;1051
AMD Athlon 64 X2 QL-65;1050
AMD Athlon 64 X2 Dual Core 4000+;1045
AMD Athlon 64 X2 Dual Core BE-2350;1044
Intel Xeon 3.73GHz;1041
Intel Core2 Duo T5550 @ 1.83GHz;1039
Intel Celeron J1750 @ 2.41GHz;1037
Intel Celeron G460 @ 1.80GHz;1035
Intel Pentium T3200 @ 2.00GHz;1031
Intel Atom x5-Z8330 @ 1.44GHz;1029
Intel Core2 Duo T5600 @ 1.83GHz;1029
AMD TurionX2 Dual Core Mobile RM-72;1026
Intel 1500 @ 2.00GHz;1024
Intel Core Duo T2700 @ 2.33GHz;1024
AMD Turion X2 Ultra Dual-Core Mobile ZM-80;1023
Intel Celeron 847E @ 1.10GHz;1021
Intel Core2 Duo P7700 @ 1.80GHz;1021
Intel Core2 Duo T7100 @ 1.80GHz;1020
AMD E1-7010 APU;1018
Intel Atom Z3745D @ 1.33GHz;1018
Intel Celeron J1800 @ 2.41GHz;1018
AMD Turion Dual-Core RM-74;1016
Intel Atom Z3740D @ 1.33GHz;1011
AMD Athlon X2 Dual Core LS-5800;1009
AMD Opteron 1212;1009
AMD Athlon 64 X2 QL-67;1006
AMD Athlon 64 X2 QL-62;1005
AMD Athlon II X2 250u;1004
AMD Turion Dual-Core RM-75;1003
Intel Celeron N2840 @ 2.16GHz;1003
AMD Athlon Neo X2 Dual Core 6850e;1002
AMD Athlon 64 X2 Dual Core 3800+;999
AMD Athlon X2 Dual Core 6850e;998
AMD Turion 64 X2 Mobile TL-60;998
Intel Pentium E2160 @ 1.80GHz;998
AMD TurionX2 Dual Core Mobile RM-70;997
AMD Sempron Dual Core 2200;995
AMD Athlon 64 X2 Dual Core 3400+;994
AMD Turion X2 Dual-Core Mobile RM-70;994
Intel Celeron P4505 @ 1.87GHz;994
Intel Core2 Duo T5670 @ 1.80GHz;994
AMD Athlon 64 X2 QL-64;989
AMD Athlon 64 X2 TK-57;988
Intel Celeron N3060 @ 1.60GHz;983
AMD Sempron Dual Core 2300;982
Intel 1400 @ 1.83GHz;980
Intel Celeron N3010 @ 1.04GHz;978
AMD Turion II Neo K625 Dual-Core;977
Intel Pentium T2410 @ 2.00GHz;977
Intel Celeron J3060 @ 1.60GHz;975
Intel Core2 Duo L7700 @ 1.80GHz;973
AMD Athlon 64 X2 Dual Core TK-57;971
AMD Opteron 1210 HE;971
Athlon Dual Core 4050e;968
Intel Celeron @ 1.30GHz;965
Intel Celeron N2830 @ 2.16GHz;965
AMD Opteron 256;963
AMD Opteron 265;963
AMD Athlon 64 X2 Dual Core 3600+;962
Intel Atom C2358 @ 1.74GHz;961
Intel Core2 Duo L7500 @ 1.60GHz;961
Intel Pentium Extreme Edition 965 @ 3.73GHz;961
AMD E1 Micro-6200T APU;960
Intel T2050 @ 2.00GHz;959
AMD Athlon 64 X2 3800+;958
AMD Athlon 64 X2 TK-55;955
Intel Celeron 1019Y @ 1.00GHz;954
Intel T1500 @ 1.86GHz;953
AMD Sempron 2650 APU;951
Intel Pentium U5600 @ 1.33GHz;951
Intel Celeron T1600 @ 1.66GHz;950
AMD Sempron Dual Core 4700;948
Intel Atom Z3735E @ 1.33GHz;948
AMD Athlon 64 X2 QL-66;947
AMD Turion 64 X2 Mobile TL-58;947
Intel Pentium T2390 @ 1.86GHz;947
Intel Core2 Duo P7500 @ 1.60GHz;945
Intel Core Duo T2600 @ 2.16GHz;944
Intel Atom Z3735D @ 1.33GHz;937
Intel Celeron N2820 @ 2.13GHz;937
AMD Sempron Dual Core 2100;936
Intel Celeron 847 @ 1.10GHz;935
Intel Core2 Duo T5300 @ 1.73GHz;933
AMD Turion II Neo N40L Dual-Core;930
Intel T1400 @ 1.73GHz;929
Intel Core2 Duo SU9400 @ 1.40GHz;927
AMD Athlon 64 X2 QL-60;925
AMD Athlon 64 X2 Dual-Core TK-57;924
AMD Opteron 1210;923
AMD Turion X2 Dual Core L510;923
Intel Core2 Duo T5500 @ 1.66GHz;922
AMD Athlon X2 Dual Core BE-2300;920
Intel Atom S1260 @ 2.00GHz;916
Intel Atom Z3735F @ 1.33GHz;914
Intel Core2 Duo T5450 @ 1.66GHz;913
AMD Turion Dual-Core RM-70;912
Intel Atom Z3736F @ 1.33GHz;912
Intel Pentium Extreme Edition 955 @ 3.46GHz;912
Intel Core2 Duo T5470 @ 1.60GHz;908
Intel Celeron N2808 @ 1.58GHz;907
Intel Atom Z3735G @ 1.33GHz;906
AMD E1-6015 APU;900
AMD Opteron 165;899
Intel Celeron N3000 @ 1.04GHz;899
Intel Atom C2338 @ 1.74GHz;898
AMD E1-2500 APU;895
AMD Turion 64 X2 Mobile TL-56;891
Intel Celeron N3050 @ 1.60GHz;880
AMD Athlon 64 X2 Dual-Core TK-42;877
Intel Pentium E2140 @ 1.60GHz;871
AMD Athlon 64 X2 Dual-Core TK-55;870
AMD E1-6010 APU;869
Intel Core2 Duo U7300 @ 1.30GHz;868
Intel Core Duo T2500 @ 2.00GHz;863
Intel Celeron N2807 @ 1.58GHz;861
AMD Turion Dual-Core RM-72;860
Intel Celeron E1200 @ 1.60GHz;860
AMD Turion X2 Dual Core Mobile RM-70;858
Intel 1300 @ 1.66GHz;857
AMD Athlon II Neo K345 Dual-Core;856
Intel Celeron N2815 @ 1.86GHz;856
Intel Core2 Duo U9300 @ 1.20GHz;855
Intel Pentium SU4100 @ 1.30GHz;853
Intel Atom E3827 @ 1.74GHz;849
Intel Pentium T2370 @ 1.73GHz;849
Intel Core2 Duo L7400 @ 1.50GHz;846
Intel Atom D2700 @ 2.13GHz;842
Intel Pentium T1080 @ 1.73GHz;842
AMD Athlon 64 X2 Dual Core TK-53;839
AMD Athlon 64 X2 Dual Core TK-55;839
Intel Core2 Duo T5250 @ 1.50GHz;839
Intel Core2 Duo T5200 @ 1.60GHz;833
AMD Athlon Neo X2 Dual Core L335;828
Intel Pentium T2330 @ 1.60GHz;827
AMD E2-2000 APU;825
Intel Core Duo T2450 @ 2.00GHz;825
Intel Core2 Duo L7300 @ 1.40GHz;825
AMD Athlon 64 X2 Dual-Core TK-53;820
AMD E2-1800 APU;814
Intel Celeron B720 @ 1.70GHz;814
Intel Pentium U5400 @ 1.20GHz;814
AMD Turion Neo X2 Dual Core L625;813
Intel Core2 Duo T5270 @ 1.40GHz;813
Intel Atom x5-E3930 @ 1.30GHz;811
Intel Pentium D 960 @ 3.60GHz;811
Intel Celeron U3600 @ 1.20GHz;809
AMD Sempron 145;807
Intel Atom Z3770D @ 1.49GHz;805
Intel Celeron N2806 @ 1.60GHz;799
AMD G-T56N;796
AMD Athlon II Neo N36L Dual-Core;795
AMD Athlon 64 FX-25;794
Intel Core Duo T2400 @ 1.83GHz;794
Intel Celeron N2810 @ 2.00GHz;788
AMD Athlon X2 Dual Core 3250e;778
AMD Athlon Neo X2 Dual Core L325;776
AMD Athlon II Neo K325 Dual-Core;775
Intel Celeron SU2300 @ 1.20GHz;771
AMD E1-2200 APU;767
AMD E-450 APU;765
AMD Turion 64 X2 Mobile TL-52;763
Intel Core Duo T2350 @ 1.86GHz;761
AMD Opteron 252;760
Intel Core2 Duo L7100 @ 1.20GHz;760
AMD E-350 APU;759
AMD Sempron LE-1640;759
Intel Core Duo T2250 @ 1.73GHz;755
AMD G-T56E;751
Intel Celeron 807 @ 1.50GHz;751
AMD Sempron 150;747
AMD Turion 64 X2 Mobile TL-50;747
Intel Core Duo L2500 @ 1.83GHz;747
AMD E-350;745
AMD GX-212JC SOC ;744
Intel Pentium D 950 @ 3.40GHz;742
AMD Sempron 140;739
Intel Pentium T2310 @ 1.46GHz;735
AMD Athlon 64 FX-57;730
Intel Core Duo T2300 @ 1.66GHz;727
AMD E-350D APU;726
AMD Athlon 64 FX-55;721
Intel Celeron U3400 @ 1.07GHz;721
Intel Atom D2701 @ 2.13GHz;720
Intel Core Duo L2300 @ 1.50GHz;719
AMD Athlon 64 FX-59;715
Intel Atom D2560 @ 2.00GHz;711
Intel Pentium D 940 @ 3.20GHz;709
Intel Atom D525 @ 1.80GHz;706
Intel Pentium T2130 @ 1.86GHz;706
Intel Core Duo L2400 @ 1.66GHz;705
Intel Pentium 5 2.66GHz;705
Intel Pentium T2080 @ 1.73GHz;705
AMD Opteron 154;703
AMD Sempron 130;700
Intel Core2 Duo U7700 @ 1.33GHz;700
Intel Celeron G440 @ 1.60GHz;694
AMD Opteron 254;693
Intel Core Duo T2050 @ 1.60GHz;693
AMD E1-1500 APU;689
Intel Celeron 925 @ 2.30GHz;689
Intel Celeron U3405 @ 1.07GHz;684
Intel Core2 Duo L7200 @ 1.33GHz;684
Intel Atom D2550 @ 1.86GHz;683
Intel Xeon MV 3.20GHz;683
AMD Athlon LE-1660;679
AMD V160;677
Intel Celeron 900 @ 2.20GHz;676
AMD Athlon 1640B;670
Intel Core2 Duo U7600 @ 1.20GHz;669
AMD G-T48E;667
Intel Pentium T2060 @ 1.60GHz;663
AMD Opteron 152;658
Intel Atom D510 @ 1.66GHz;658
Intel Atom K510 @ 1.66GHz;658
AMD E1-1200 APU;654
AMD Opteron 250;649
AMD Athlon 64 FX-53;646
AMD Athlon X2 Dual Core L310;645
VIA Nano L3600@2000MHz;645
AMD V140;643
Intel Core 330 @ 1.60GHz;643
AMD E1-2100 APU;642
Intel Pentium D 830 @ 3.00GHz;642
AMD Sempron LE-1620;635
AMD A4-1200 APU;632
AMD Opteron 246;632
AMD Athlon LE-1640;629
AMD Athlon II 170u;626
Intel Celeron 450 @ 2.20GHz;626
Intel Atom N2800 @ 1.86GHz;625
AMD V120;623
AMD A4-1250 APU;622
AMD Turion 64 Mobile ML-42;615
Intel Celeron 827E @ 1.40GHz;613
AMD E-300 APU;609
AMD Athlon 64 4000+;608
VIA Nano X2 U4025 @ 1.2 GHz;605
AMD Opteron 150;604
Intel Xeon 3.80GHz;604
AMD Opteron 148;603
AMD Athlon 64 3600+;601
AMD Athlon 64 3700+;598
AMD Sempron LE-1300;595
AMD Turion 64 Mobile ML-44;591
Intel Core2 Duo U7500 @ 1.06GHz;590
AMD Athlon 64 3800+;589
Intel Core2 Duo Q6867 @ 3.00GHz;589
Intel Atom 330 @ 1.60GHz;586
Intel Celeron D 430 @ 1.80GHz;585
Intel Pentium D 915 @ 2.80GHz;584
AMD Sempron M120;582
VIA Nano L3050@1800MHz;581
Intel Atom E3825 @ 1.33GHz;579
AMD Athlon LE-1620;578
AMD Athlon 64 3300+;576
Mobile AMD Athlon 64 4000+;576
AMD Athlon 64 2200+;575
Intel Atom N570 @ 1.66GHz;574
Mobile AMD Athlon XP;572
AMD Athlon XP 3400+;570
Intel Atom Z2760 @ 1.80GHz;568
AMD Sempron M100;566
AMD Athlon II 160u;563
AMD C-70 APU;558
AMD Athlon LE-1600;557
AMD Sempron 3800+;554
AMD Athlon 64 3400+;545
AMD C-60 APU;544
Intel Celeron 440 @ 2.00GHz;544
Intel Core Duo U2400 @ 1.06GHz;544
AMD Sempron LE-1250;543
Intel Celeron M 540 @ 1.86GHz;542
AMD Athlon 64 3500+;541
AMD Athlon XP-M;541
AMD Turion 64 Mobile MT-40;536
AMD Sempron LE-1600;535
AMD Opteron 146;532
AMD Sempron LE-1200;531
Intel Celeron 560 @ 2.13GHz;531
Intel Pentium D 805 @ 2.66GHz;529
Intel Atom N2600 @ 1.60GHz;527
AMD Athlon II Neo K145;525
Intel 2.80GHz;525
Intel Atom N550 @ 1.50GHz;524
AMD Z-01;523
AMD Turion 64 Mobile ML-40;522
Intel Celeron 540 @ 1.86GHz;521
Intel Celeron 550 @ 2.00GHz;519
Intel Celeron 570 @ 2.26GHz;517
VIA Nano L3025@1600MHz;517
AMD G-T40N;516
AMD Turion 64 Mobile MK-38;513
Mobile AMD Athlon XP-M;512
Mobile AMD Athlon 64 3400+;511
Intel Pentium M 2.26GHz;509
Intel Xeon 3.60GHz;509
Mobile AMD Athlon XP-M (LV);508
Intel Core Duo U2500 @ 1.20GHz;507
AMD Athlon 2850e;506
Mobile AMD Athlon XP-M (LV) 3200+;505
VIA Nano U3100 (1.6GHz Capable);501
AMD Z-60 APU;500
Intel Pentium M 2.13GHz;499
VIA Eden X2 U4200 @ 1.0+ GHz;499
AMD Athlon MP 2800+;497
Mobile AMD Athlon MP-M 2800+;496
AMD Athlon 64 3200+;492
Intel Xeon 3.06GHz;491
AMD Sempron LE-250;490
Intel Atom E3826 @ 1.46GHz;489
Intel Celeron 430 @ 1.80GHz;487
Mobile AMD Athlon XP-M 3200+;487
AMD Opteron 144;486
Intel Pentium 4 3.60GHz;486
Intel Pentium 4 3.73GHz;486
AMD Athlon 3100+;485
Intel Pentium 4 3.80GHz;485
Mobile AMD Sempron 3800+;485
AMD Sempron 3300+;484
AMD Turion 64 Mobile MT-37;484
Intel Pentium M 756 @ 1.66GHz;484
AMD Sempron 3600+;483
Intel Celeron D 420 @ 1.60GHz;481
Intel Xeon 3.40GHz;478
Mobile Intel Pentium 4 3.46GHz;478
AMD Athlon II Neo K125;477
AMD Opteron 248;476
Mobile AMD Athlon XP-M (LV) 2800+;475
Intel Celeron 530 @ 1.73GHz;474
AMD Athlon QI-46;473
Intel Core Solo T1400 @ 1.83GHz;470
AMD G-T40E;467
AMD C-60;466
AMD Turion 64 Mobile MK-36;465
Intel Core2 Solo U3500 @ 1.40GHz;465
AMD Athlon 64 3000+;464
AMD Athlon XP 2300+;464
AMD Athlon 2400+;462
AMD C-50;462
Intel Celeron M 530 @ 1.73GHz;462
Intel Pentium M 2.00GHz;461
Intel Xeon 3.20GHz;461
Intel Celeron N2805 @ 1.46GHz;460
AMD Athlon 3200+;458
Intel Celeron M 723 @ 1.20GHz;457
VIA Nano L1900@1400MHz;457
AMD Sempron SI-42;456
AMD Sempron 3400+;454
Intel Pentium 4 3.46GHz;454
AMD Sempron 3100+;452
Intel Celeron 420 @ 1.60GHz;451
Intel Celeron M 450 @ 2.00GHz;450
Mobile AMD Athlon 64 3000+;450
Intel Pentium M 2.10GHz;448
Mobile AMD Athlon 64 3200+;448
AMD Athlon 2800+;447
AMD Sempron SI-40;447
AMD Turion 64 Mobile ML-37;446
Mobile AMD Sempron 3300+;446
AMD Athlon 2600+;444
AMD Sempron LE-1150;444
Mobile AMD Sempron 3400+;441
Mobile AMD Athlon 64 2800+;440
Mobile AMD Athlon XP-M 3100+;440
Mobile Intel Pentium 4 3.33GHz;439
AMD Athlon 64 2800+;438
Intel Pentium M 1.86GHz;438
AMD Athlon 64 FX-51;437
AMD Sempron LE-1100;437
AMD Athlon MP 2400+;436
Intel T1200 @ 1.50GHz;435
Intel Xeon 2.66GHz;435
Mobile AMD Athlon 64 3700+;435
AMD Athlon XP 3100+;433
AMD Athlon XP 3200+;432
Intel Celeron M 520 @ 1.60GHz;431
AMD Turion 64 Mobile MT-34;429
AMD Opteron 142;428
VIA Nano L2100@1800MHz;428
Mobile AMD Sempron 3600+;427
AMD Turion 64 Mobile MT-32;426
AMD Turion 64 Mobile ML-34;425
AMD Athlon XP 2900+;424
Intel Celeron 743 @ 1.30GHz;421
AMD Turion 64 Mobile MT-28;419
Mobile AMD Sempron 3100+;416
Intel Core2 Solo U3300 @ 1.20GHz;415
VIA Nano U2250 (1.6GHz Capable);415
AMD Athlon TF-20;413
AMD Athlon 2100+;412
Intel Pentium M 1.73GHz;412
Intel Pentium M 1.80GHz;411
AMD Athlon Neo MV-40;410
VIA Nano U3300@1200MHz;409
AMD Sempron 3000+;408
Mobile AMD Sempron 3500+;408
AMD Athlon 2650e;407
AMD Sempron 3200+;406
Intel Pentium M 1.70GHz;406
Intel Pentium SU2700 @ 1.30GHz;405
Intel Celeron D 365 @ 3.60GHz;404
AMD K7;403
AMD-K7;403
Intel Atom D2500 @ 1.86GHz;403
AMD Athlon XP 3000+;402
AMD Turion 64 Mobile ML-30;402
AMD Turion 64 Mobile ML-32;402
AMD Athlon XP2200+;401
AMD GX-210JA SOC;401
AMD Athlon XP 2800+;400
Intel Xeon 2.80GHz;400
Mobile AMD Athlon 64 2700+;398
AMD Opteron 140;396
Intel Core Solo T1350 @ 1.86GHz;396
AMD Athlon TF-36;395
Intel Pentium 4 3.40GHz;395
Mobile AMD Sempron 2600+;394
VIA Esther 2000MHz;394
AMD Athlon XP 2700+;393
Intel Celeron M 1.70GHz;393
Intel Core Solo T1300 @ 1.66GHz;393
AMD Sempron 2100+;392
Intel Celeron M 440 @ 1.86GHz;392
AMD Sempron 210U;391
Intel Xeon 3.00GHz;391
AMD Athlon 2000+;390
AMD Turion 64 Mobile ML-28;390
Intel Celeron 723 @ 1.20GHz;390
Mobile AMD Sempron 3000+;389
AMD Sempron 2800+;383
Intel Atom Z550 @ 2.00GHz;381
AMD Athlon 64 FX-34;380
AMD Sempron 3500+;379
AMD Turion 64 Mobile MT-30;378
Mobile AMD Athlon MP-M 2000+;378
Intel Pentium M 1700MHz;376
AMD Athlon 2500+;374
AMD Athlon 64 2600+;374
AMD Athlon XP2400+;374
AMD Sempron 2600+;374
Intel Pentium 4 3.20GHz;373
Mobile AMD Athlon XP-M (LV) 2200+;373
AMD Athlon XP 2600+;372
Mobile AMD Athlon 2500+;370
Mobile AMD Athlon XP-M 2600+;370
Intel Celeron 807UE @ 1.00GHz;369
VIA Nano L2007@1600MHz;369
Intel Celeron M 430 @ 1.73GHz;368
VIA C7-D 2000MHz;368
AMD Athlon XP Pro3+;367
Intel Pentium M 1.50GHz;366
Mobile AMD Athlon XP-M 2800+;365
Mobile AMD Athlon XP-M 3000+;365
Intel Pentium M 1.60GHz;364
Mobile AMD Athlon XP-M 2200+;364
Mobile AMD Sempron 2800+;364
AMD Athlon 2200+;363
Intel Celeron M 1.60GHz;362
AMD Athlon XP 2400+;360
Intel Core2 Solo U2100 @ 1.06GHz;359
Mobile AMD Athlon 4 2400+;358
Mobile Intel Pentium 4 3.20GHz;356
AMD Athlon XP 2500+;355
Intel Pentium M 1500MHz;354
Mobile AMD Sempron 3200+;354
AMD Athlon XP1900+;353
Intel Pentium 4 3.00GHz;353
VIA Eden C1050@1.06GHz;352
Intel Atom Z540 @ 1.86GHz;348
Intel Pentium 4 3.06GHz;347
Intel Atom E680 @ 1.60GHz;346
Mobile AMD Athlon XP-M 2400+;346
Mobile AMD Athlon XP-M 2500+;346
Intel Atom D425 @ 1.80GHz;345
Intel Pentium M 1.40GHz;345
AMD Athlon XP 1700;344
Intel Celeron M 1.50GHz;343
Mobile AMD Athlon XP-M 1900+;342
AMD Athlon MP 1700+;339
Intel Celeron D 360 @ 3.46GHz;337
Mobile Intel Pentium 4 3.06GHz;337
AMD Sempron 2500+;335
Intel Pentium M 1600MHz;335
Mobile AMD Athlon XP-M (LV) 2000+;335
Intel Celeron M 420 @ 1.60GHz;334
Intel Celeron 3.33GHz;333
Intel Celeron M 1500MHz;333
Intel Atom N470 @ 1.83GHz;332
Intel Atom E3815 @ 1.46GHz;331
Intel Core Solo U1500 @ 1.33GHz;330
AMD Athlon XP 2200+;328
Intel Celeron M 360 1.40GHz;328
AMD Athlon XP 2100+;323
Mobile AMD Athlon XP-M 1700+;323
Intel Celeron 215 @ 1.33GHz;322
Intel Pentium 4 2.80GHz;322
Intel Celeron 220 @ 1.20GHz;320
Intel Pentium M 1400MHz;320
AMD E-240;319
AMD Sempron 2300+;318
Intel Celeron M 1.30GHz;316
Intel Celeron D 356 @ 3.33GHz;315
Intel Celeron M 410 @ 1.46GHz;315
Mobile Intel Pentium 4 2.80GHz;315
AMD Sempron 2400+;314
Intel Atom N475 @ 1.83GHz;314
Mobile AMD Athlon 4;314
Mobile Intel Pentium 4 - M 2.60GHz;313
AMD Athlon XP 1900+;312
Intel Core2 Solo U2200 @ 1.20GHz;311
AMD C-30;310
Intel Pentium III 1266S @ 1266MHz;309
AMD G-T52R;308
Intel Atom 230 @ 1.60GHz;307
VIA Nano U2500@1200MHz;306
AMD Athlon L110;303
Intel Celeron M 1300MHz;303
Intel Pentium M 1300MHz;303
Intel Atom N2100 @ 1.60GHz;302
Intel Celeron 1400MHz;302
Intel Celeron D 352 @ 3.20GHz;302
Intel Atom D410 @ 1.66GHz;301
Intel Pentium M 1.30GHz;301
AMD Athlon XP 1800+;300
AMD Athlon XP 2000+;300
Mobile AMD Athlon XP-M 2000+;300
AMD V105;299
Intel Pentium III 1400S @ 1400MHz;299
Intel Pentium M 1.20GHz;298
Intel Pentium III 1400 @ 1400MHz;297
Mobile AMD Athlon XP-M 1800+;297
Intel Atom N450 @ 1.66GHz;296
Mobile AMD Athlon XP-M (LV) 1600+;296
VIA Nano L2207@1600MHz;296
Mobile AMD Athlon MP-M 2400+;295
AMD Athlon 1500+;294
Mobile Intel Celeron 1200MHz;294
Intel Pentium 4 2.93GHz;293
AMD Geode NX 1750;291
Intel Celeron 1333MHz;290
Mobile Intel Pentium III - M 1133MHz;289
Mobile Intel Pentium III - M 1333MHz;289
686 Gen;288
AMD Athlon 7850 Dual-Core 2.8G;288
Intel Celeron 1300MHz;288
Intel Celeron 3.20GHz;288
Intel Pentium 4 2.60GHz;288
Mobile AMD Athlon XP-M (LV) 1500+;288
AMD Athlon XP2100+;287
VIA C7-D 1500MHz;287
Intel Celeron 3.06GHz;284
Intel Pentium III 1133 @ 1133MHz;284
VIA C7 1500MHz;284
Intel Atom N455 @ 1.66GHz;283
Intel Celeron 2.93GHz;283
AMD Athlon XP 1500;282
AMD Sempron 2200+;282
Intel Atom N280 @ 1.66GHz;282
Intel Celeron 1133MHz;282
Intel Pentium M 1.10GHz;282
AMD Athlon XP1600+;281
Intel Atom Z530 @ 1.60GHz;281
Mobile Intel Celeron 2.50GHz;281
Mobile Intel Celeron 1333MHz;280
AMD Athlon 4;279
Mobile Intel Pentium 4 2.66GHz;279
Intel Core Solo U1400 @ 1.20GHz;278
Intel Pentium III 1200 @ 1200MHz;278
Mobile Intel Pentium 4 2.30GHz;278
Intel Xeon 2.40GHz;276
Intel Celeron M 1200MHz;275
VIA Nano U2250@1300+MHz;274
VIA Nano U3500@1000MHz;272
AMD Athlon XP 1700+;271
Intel Atom E660 @ 1.30GHz;271
Intel Celeron D 347 @ 3.06GHz;270
Intel Core Solo U1300 @ 1.06GHz;270
Intel Atom N270 @ 1.60GHz;269
AMD Athlon XP 1600+;267
AMD Sempron 200U;267
Mobile AMD Athlon 1400+;266
Mobile AMD Athlon MP-M 1800+;265
AMD Geode NX;264
Mobile Intel Pentium 4 2.40GHz;264
Intel Atom N435 @ 1.33GHz;261
Mobile AMD Athlon XP-M 1500+;261
Mobile AMD Athlon XP-M 1600+;260
Intel Celeron 1066MHz;259
Intel Pentium M 1100MHz;259
AMD Athlon XP 1500+;257
Mobile Intel Pentium 4 - M 2.50GHz;256
Intel Celeron 2.80GHz;254
Intel Pentium 4 2.66GHz;254
Intel Celeron M 443 @ 1.20GHz;253
Intel XEON 2.20GHz;252
Mobile AMD Sempron 2100+;252
Intel Pentium III Mobile 1133MHz;251
Mobile Intel Pentium III - M 1000MHz;250
VIA Esther 1300MHz;250
Intel Celeron 2.66GHz;249
Intel Pentium 4 2.53GHz;248
Intel Celeron 2.50GHz;247
Intel Pentium III Mobile 1066MHz;246
Intel Celeron 2.53GHz;245
Intel Celeron 2.70GHz;245
Intel Pentium 4 2.50GHz;245
Intel Pentium III Mobile 1000MHz;245
Intel Celeron 1200MHz;244
Intel Celeron 2.10GHz;244
Intel Atom Z670 @ 1.50GHz;243
Intel Pentium III Mobile 1200MHz;240
Intel Celeron 2.60GHz;238
Intel Pentium III 933S @ 933MHz;238
Intel Pentium M 1200MHz;237
Mobile Intel Celeron 2.40GHz;236
Intel Pentium M 1000MHz;233
Intel Xeon 2.00GHz;233
Mobile Intel Pentium 4 - M 1.90GHz;232
AMD Athlon MP;230
AMD G-T44R;229
Intel Pentium 4 2.40GHz;228
Intel Celeron 2.30GHz;227
Mobile Intel Celeron 2.20GHz;226
Mobile Intel Pentium III - M 1200MHz;224
Intel Celeron 2.26GHz;223
VIA C7-M 6300MHz;222
Intel Pentium 4 2.26GHz;221
Intel Atom Z515 @ 1.20GHz;218
Intel Pentium III Mobile 933MHz;218
Intel Atom Z520 @ 1.33GHz;217
Intel Celeron 2.40GHz;217
Intel Pentium M 900MHz;217
Intel Celeron 1000MHz;213
Intel Celeron 2.20GHz;213
Mobile Intel Pentium 4 - M 2.40GHz;213
Mobile Intel Pentium III - M 866MHz;211
Intel Pentium 4 2.20GHz;209
Intel Pentium 4 Mobile 1.90GHz;209
Intel Celeron 2.13GHz;208
Intel Pentium 4 Mobile 1.70GHz;208
Intel Celeron M 1.00GHz;207
Intel Celeron M 900MHz;205
Mobile Intel Celeron 2.00GHz;204
AMD G-T40R;203
VIA C7-D 1800MHz;203
Intel Pentium 4 Mobile 2.00GHz;202
Mobile Intel Pentium 4 - M 2.00GHz;202
Mobile Intel Pentium III - M 933MHz;200
Mobile Intel Pentium 4 - M 2.20GHz;198
Intel Pentium 4 Mobile 1.50GHz;197
Intel Pentium 4 3.83GHz;195
Mobile Intel Pentium 4 - M 1.60GHz;195
VIA Esther 1500MHz;195
Intel Atom Z510 @ 1.10GHz;194
Intel Pentium 4 1600MHz;193
Intel Xeon 1500MHz;193
Intel Pentium 4 2.00GHz;189
Mobile Intel Celeron 1.50GHz;188
Mobile Intel Celeron 1.60GHz;188
Intel Celeron B710 @ 1.60GHz;186
Mobile Intel Celeron 1.80GHz;186
Intel Celeron M ULV 800MHz;184
Intel Pentium 4 4.00GHz;184
Mobile AMD Athlon XP-M 1400+;184
Intel Celeron 2.00GHz;182
Intel Pentium III Mobile 800MHz;182
Mobile Intel Celeron 1.70GHz;181
Intel Pentium 4 Mobile 1.60GHz;178
VIA C7-M 1600MHz;178
Intel Pentium 4 Mobile 1.80GHz;175
Mobile Intel Pentium 4 - M 1.80GHz;175
Intel Celeron 1100MHz;174
Mobile Intel Pentium 4 - M 1.70GHz;173
Mobile Intel Celeron 1.20GHz;170
Intel Pentium 4 1.40GHz;164
VIA C7-M 1000MHz;164
Intel Pentium 4 1800MHz;162
Intel Pentium 4 1.80GHz;161
Intel Pentium 4 1.90GHz;159
VIA Eden 800MHz;155
VIA Nehemiah;155
Intel Pentium 4 1700MHz;154
Intel Pentium III Mobile 866MHz;152
Intel Celeron M 600MHz;151
Intel Pentium 4 Mobile 1.40GHz;149
Intel Celeron 600MHz;147
VIA Esther 1000MHz;146
VIA Eden 1200MHz;142
VIA C7-M 1200MHz;140
Intel Celeron 1.80GHz;136
Intel Pentium 4 1.70GHz;132
Intel Pentium 4 1.50GHz;131
Intel Celeron 1.70GHz;130
Intel Pentium 4 1.60GHz;129
Intel Pentium 4 1400MHz;127
Intel Pentium 4 1500MHz;125
VIA Eden 1000MHz;123
Intel Pentium 4 1300MHz;119
AMD Athlon 64 2000+;116
AMD-K6-III;108
Intel Pentium III Mobile 750MHz;103
VIA C3 Ezra;100
AMD-K6 3D;90
VIA Samuel 2;79
